food_code,name,category,kcal_per_100g,carbs_g_per_100g,protein_g_per_100g,fat_g_per_100g,fiber_g_per_100g,default_qty_grams,default_unit,primary_source
ASC001,Hot tea (Garam Chai),Prepared Meal,16.144298553466797,2.5819475650787354,0.3878859877586365,0.5320665240287781,,211,tea cup,asc_manual
ASC002,Instant coffee,Prepared Meal,23.155832290649414,3.6533334255218506,0.640666663646698,0.746666669845581,,450,tea cup,asc_manual
ASC003,Espreso coffee,Prepared Meal,51.543373107910156,6.620504856109619,1.7470030784606934,2.1381702423095703,,159,tea cup,asc_manual
ASC004,Iced tea,Prepared Meal,10.342187881469727,2.7015624046325684,0.027968749403953552,0.010937499813735485,,320,tall glass,asc_manual
ASC005,Raw mango drink (Aam panna),Prepared Meal,35.91822052001953,9.047467231750488,0.15703445672988892,0.026340782642364502,0.6120251417160034,268,tall glass,asc_manual
ASC006,Fruit Punch (with fresh juices),Prepared Meal,36.116844177246094,9.38059139251709,0.13934893906116486,0.03250204399228096,0.06005493178963661,500,tall glass,asc_manual
ASC007,Fruit Punch (with squashes),Prepared Meal,23.12828254699707,5.989855766296387,0.0723448097705841,0.016838526353240013,0.16822615265846252,500,tall glass,asc_manual
ASC008,Lemonade,Prepared Meal,20.798982620239258,5.478568077087402,0.034817468374967575,0.010450966656208038,0.016864709556102753,349,glass,asc_manual
ASC009,Lem-o-gin,Prepared Meal,21.517364501953125,5.551969051361084,0.08075683563947678,0.028100909665226936,0.12919411063194275,357,glass,asc_manual
ASC010,Cumin infused water (Jeere/Zeere ka pani),Prepared Meal,9.08980655670166,1.8643821477890015,0.16951678693294525,0.1104905903339386,0.46353375911712646,339,glass,asc_manual
ASC011,Coco pine cooler,Prepared Meal,32.74876022338867,5.717686176300049,0.5550532341003418,0.9999814629554749,0.25724664330482483,432,tall glass,asc_manual
ASC012,Summer cooler,Prepared Meal,22.428831100463867,5.431630611419678,0.37390369176864624,0.03540007397532463,0.19671612977981567,495,tall glass,asc_manual
ASC014,Hot cocoa,Prepared Meal,90.0999984741211,9.234031677246094,3.3628273010253906,4.562827110290527,,191,cup,asc_manual
ASC015,Cold coffee with ice cream,Prepared Meal,67.8487548828125,11.244776725769043,1.5701491832733154,2.109452724456787,0.007960199378430843,301,tall glass,asc_manual
ASC016,Banana milkshake (Kele milkshake),Prepared Meal,65.30644989013672,9.145586013793945,1.8432996273040771,2.371230125427246,0.2558610737323761,346,tall glass,asc_manual
ASC017,Mango milkshake (Aam milkshake),Prepared Meal,56.901123046875,7.231504917144775,1.7267510890960693,2.345879077911377,0.26441630721092224,356,tall glass,asc_manual
ASC018,Pineapple milkshake (Ananas milkshake),Prepared Meal,55.71769332885742,7.624691486358643,1.65925931930542,2.228806734085083,,365,tall glass,asc_manual
ASC019,Orange milkshake (Narangi milkshake),Prepared Meal,57.41502380371094,7.10704231262207,1.8647887706756592,2.5239436626434326,,319,tall glass,asc_manual
ASC020,Egg nog,Prepared Meal,97.14144897460938,8.145041465759277,4.776309490203857,5.11044454574585,0.019752884283661842,304,tall glass,asc_manual
ASC021,Sweet Lassi (Meethi lassi),Prepared Meal,35.66101837158203,6.508474826812744,1.2881355285644531,0.6779661178588867,,442,tall glass,asc_manual
ASC022,Lassi (salted),Prepared Meal,18.844942092895508,1.856243371963501,1.3549379110336304,0.7186296582221985,0.017926756292581558,423,tall glass,asc_manual
ASC023,Cheese and chilli sandwich,Prepared Meal,218.1146697998047,27.40143394470215,6.795605182647705,9.780448913574219,2.078744411468506,56,triangle,asc_manual
ASC024,Egg sandwich (Ande ka sandwich),Prepared Meal,285.95709228515625,29.15723991394043,8.694679260253906,15.797734260559082,1.8776354789733887,51,triangle,asc_manual
ASC025,Cucumber sandwich (Kheere ka sandwich),Prepared Meal,188.597900390625,25.76510238647461,4.798436164855957,7.997695446014404,2.449218273162842,61,triangle,asc_manual
ASC026,Cheese and pineapple sandwich (Cheese aur ananas ka sandwich),Prepared Meal,257.7143249511719,29.101882934570312,8.196501731872559,12.797489166259766,2.3298654556274414,56,triangle,asc_manual
ASC027,Cheese and tomato sandwich (Cheese aur tamatar ke sandwich),Prepared Meal,243.31991577148438,26.92240333557129,7.9185404777526855,12.274420738220215,1.9749356508255005,58,triangle,asc_manual
ASC028,Chicken sandwich,Prepared Meal,253.27267456054688,25.377338409423828,13.124119758605957,11.748669624328613,1.6358798742294312,58,triangle,asc_manual
ASC029,Peanut and tomato sandwich (Moongfali aur tamatar ka sandwich),Prepared Meal,291.4269104003906,28.544937133789062,9.528888702392578,16.13761329650879,4.029465198516846,61,triangle,asc_manual
ASC030,Rainbow sandwich,Prepared Meal,272.75140380859375,34.263946533203125,7.746617794036865,12.539576530456543,2.10280179977417,48,triangle,asc_manual
ASC031,Club sandwich,Prepared Meal,235.3241729736328,18.508420944213867,7.3101277351379395,15.121536254882812,1.8081934452056885,88,triangle,asc_manual
ASC032,Vegetarian club sandwich,Prepared Meal,198.32925415039062,19.684192657470703,5.451312065124512,11.329170227050781,2.0566515922546387,83,triangle,asc_manual
ASC033,Pin wheel sandwich,Prepared Meal,311.5205993652344,14.004125595092773,8.766905784606934,24.934709548950195,0.928968608379364,30,triangle,asc_manual
ASC034,Carrot apple sandwich (Gajar aur seb ka sandwich),Prepared Meal,214.11184692382812,29.04496192932129,5.297377586364746,9.123984336853027,3.656041145324707,97,triangle,asc_manual
ASC035,Salami sandwich,Prepared Meal,255.5937042236328,21.538450241088867,8.695690155029297,15.509899139404297,1.969562292098999,74,triangle,asc_manual
ASC036,Vegetable and mayonnaise sandwich,Prepared Meal,244.2624969482422,23.201412200927734,4.473674774169922,15.398404121398926,2.351200580596924,68,triangle,asc_manual
ASC037,Egg and tomato sandwich (Ande aur tamatar ka sandwich),Prepared Meal,222.1063690185547,25.903024673461914,7.655546188354492,10.509202003479004,1.7674790620803833,60,triangle,asc_manual
ASC038,Sweet open sandwich,Prepared Meal,244.2458038330078,39.24372863769531,4.985423564910889,8.153898239135742,2.3566102981567383,59,triangle,asc_manual
ASC039,Mushroom and cheese sandwich (toasted),Prepared Meal,227.4191131591797,21.012937545776367,7.785544395446777,13.008052825927734,2.2843563556671143,76,triangle,asc_manual
ASC040,Cheese and tomato sandwich (toasted) (Cheese aur tamatar ke sandwich (toasted)),Prepared Meal,224.5795135498047,21.415576934814453,6.821847915649414,12.951947212219238,1.779405951499939,76,triangle,asc_manual
ASC041,Pea potato sandwich (toasted) (Matar aloo ka sandwich),Prepared Meal,164.90065002441406,25.16836166381836,4.604915618896484,5.42716121673584,2.8859055042266846,89,toasted triangle,asc_manual
ASC042,Paneer pea sandwich (toasted) (Paneer matar ka sandwich),Prepared Meal,249.55572509765625,24.052186965942383,12.400134086608887,11.975685119628906,2.1162853240966797,89,toasted triangle,asc_manual
ASC043,Chicken sandwich (toasted),Prepared Meal,167.36798095703125,18.81935691833496,12.081052780151367,5.315614223480225,1.6419882774353027,86,toasted triangle,asc_manual
ASC044,Pea keema sandwich (toasted) (Matar aur keema ka sandwich),Prepared Meal,171.77516174316406,20.25550651550293,11.055025100708008,5.611410140991211,2.4534075260162354,85,toasted triangle,asc_manual
ASC045,Classic club sandwich,Prepared Meal,200.83099365234375,18.491588592529297,6.73637580871582,11.56259536743164,1.6238478422164917,224,triangle,asc_manual
ASC046,Sesame toast,Prepared Meal,495.18634033203125,11.146966934204102,1.8990991115570068,49.378177642822266,1.318979024887085,62,toasted triangle,asc_manual
ASC047,Cracked wheat porridge (Meetha daliya),Prepared Meal,81.56513977050781,8.870967864990234,2.6426796913146973,4.0806450843811035,0.6203473806381226,403,bowl,asc_manual
ASC048,Semolina porridge (Suji/Rava daliya),Prepared Meal,100.89435577392578,12.38705062866211,3.750359535217285,4.082014083862305,0.6992805600166321,278,bowl,asc_manual
ASC050,Oatmeal Porridge,Prepared Meal,72.85364532470703,8.766331672668457,2.595477342605591,3.2211055755615234,0.3919597864151001,398,bowl,asc_manual
ASC051,Cornflakes with milk,Prepared Meal,117.32661437988281,14.948201179504395,3.59136700630188,5.119424343109131,0.7769784331321716,278,bowl,asc_manual
ASC052,Rice flakes (Chiwda/Aval),Prepared Meal,112.4402847290039,15.568704605102539,3.6172661781311035,3.990647315979004,0.37338128685951233,278,bowl,asc_manual
ASC053,Wheat flakes,Prepared Meal,112.4402847290039,15.568704605102539,3.6172661781311035,3.990647315979004,0.37338128685951233,278,bowl,asc_manual
ASC054,Murmura (Puffed rice),Prepared Meal,113.31719207763672,15.66906452178955,3.6205034255981445,4.042446136474609,0.27625900506973267,278,bowl,asc_manual
ASC055,Puffed wheat (Murmure/Moori),Prepared Meal,113.31719207763672,15.66906452178955,3.6205034255981445,4.042446136474609,0.27625900506973267,278,bowl,asc_manual
ASC056,Boiled egg (Ubla anda),Prepared Meal,45.3546028137207,0.11993376910686493,4.430860996246338,3.0388741493225098,0.10980132967233658,151,egg,asc_manual
ASC057,Fried Egg,Prepared Meal,223.66744995117188,0.3135930597782135,11.585453987121582,19.62242317199707,0.28709957003593445,58,egg,asc_manual
ASC058,Poached egg,Prepared Meal,123.86688232421875,0.3662499785423279,11.97607135772705,8.194107055664062,0.29607143998146057,56,egg,asc_manual
ASC059,Scrambled egg (Ande ki bhurji),Prepared Meal,155.97100830078125,1.3515714406967163,10.290857315063477,12.212428092956543,0.23685714602470398,70,egg,asc_manual
ASC060,Baked egg,Prepared Meal,218.84698486328125,15.416930198669434,11.881781578063965,12.652177810668945,1.02554452419281,101,egg,asc_manual
ASC061,Plain omelette/omlet,Prepared Meal,272.4109802246094,0.6448251605033875,9.664055824279785,25.74034881591797,0.11594405770301819,143,omelette,asc_manual
ASC062,Stuffed egg omelette/omlet,Prepared Meal,203.51486206054688,2.3019466400146484,8.602519035339355,17.774503707885742,0.7503053545951843,262,omelette,asc_manual
ASC063,Pancake,Prepared Meal,203.35560607910156,20.48965072631836,5.68212890625,10.816617012023926,0.6528680920600891,42,pancake,asc_manual
ASC064,Keema pancake,Prepared Meal,176.2749786376953,9.559337615966797,9.006999969482422,11.245588302612305,0.840624213218689,110,pancake,asc_manual
ASC065,Vegetable pancake,Prepared Meal,125.17634582519531,12.23516845703125,3.865659475326538,6.573175430297852,2.477165937423706,117,pancake,asc_manual
ASC066,Jam and fruit pancake,Prepared Meal,162.0184326171875,20.727575302124023,3.791611433029175,7.008038520812988,1.2086658477783203,66,pancake,asc_manual
ASC067,Khoa and coconut pancake,Prepared Meal,271.980712890625,27.323190689086914,6.979613304138184,15.294413566589355,1.6516162157058716,71,pancake,asc_manual
ASC068,Brown stock,Prepared Meal,21.324813842773438,0.2517152726650238,1.9483927488327026,1.3840610980987549,0.09378182142972946,486,cup,asc_manual
ASC069,Vegetable stock,Prepared Meal,17.604402542114258,0.9595896005630493,0.2996930778026581,1.377679467201233,0.3815610408782959,415,cup,asc_manual
ASC070,Chicken stock,Prepared Meal,29.880197525024414,0.36780157685279846,3.6864609718322754,1.5104801654815674,0.10351110994815826,376,cup,asc_manual
ASC079,Clear tomato soup (Tamatar ka soup),Prepared Meal,80.07408905029297,3.4506852626800537,4.793009281158447,12.224908828735352,1.963787317276001,398,soup bowl,asc_manual
ASC080,Lentil soup,Prepared Meal,31.16623878479004,3.9445831775665283,9.653425216674805,11.678777694702148,2.5739505290985107,389,soup bowl,asc_manual
ASC081,Chicken consomme (Clear chicken soup),Prepared Meal,47.944820404052734,1.1854139566421509,11.471491813659668,12.01870346069336,1.5683488845825195,226,soup bowl,asc_manual
ASC082,Cream of tomato soup,Prepared Meal,97.81221771240234,3.9280059337615967,4.610315799713135,13.115484237670898,1.3752379417419434,462,soup bowl,asc_manual
ASC083,Cream of green peas soup,Prepared Meal,127.84082794189453,6.750673294067383,7.126903533935547,14.781371116638184,2.950526475906372,409,soup bowl,asc_manual
ASC084,Cream of spinach soup,Prepared Meal,100.53778076171875,3.446488857269287,5.214042663574219,13.30996322631836,1.7408103942871094,463,soup bowl,asc_manual
ASC085,Cream of mixed vegetable soup,Prepared Meal,59.64580535888672,4.931180953979492,6.844812393188477,9.04925537109375,2.1433775424957275,362,soup bowl,asc_manual
ASC086,Cream of mushroom soup,Prepared Meal,117.27780151367188,3.7424185276031494,6.6403021812438965,15.500728607177734,1.3361760377883911,375,soup bowl,asc_manual
ASC087,Chicken sweet corn soup,Prepared Meal,28.32048225402832,1.632999062538147,14.47509765625,12.593029975891113,0.46616339683532715,242,soup bowl,asc_manual
ASC088,Minestrone soup,Prepared Meal,42.65936279296875,3.7148396968841553,9.303705215454102,11.087420463562012,1.9226291179656982,230,soup bowl,asc_manual
ASC089,Egg drop soup,Prepared Meal,26.63651466369629,1.1007238626480103,12.929913520812988,13.516396522521973,0.8106687664985657,318,soup bowl,asc_manual
ASC090,Chinese cabbage and meat ball soup,Prepared Meal,484.30548095703125,1.4290056228637695,5.210831642150879,56.57162094116211,0.56608647108078,465,soup bowl,asc_manual
ASC091,French onion soup,Prepared Meal,55.60973358154297,4.2752203941345215,11.40778636932373,14.39195728302002,1.0132992267608643,352,soup bowl,asc_manual
ASC092,Hot and sour soup,Prepared Meal,31.513946533203125,1.7757666110992432,3.1162946224212646,1.312411904335022,0.6012079119682312,393,soup bowl,asc_manual
ASC093,Talaumein soup,Prepared Meal,35.62731170654297,4.171391487121582,10.122030258178711,12.784790992736816,1.9394147396087646,369,soup bowl,asc_manual
ASC094,Cold cucumber soup (Thanda kheere ka soup),Prepared Meal,48.02956771850586,4.580854415893555,2.9876434803009033,1.990923285484314,0.8775031566619873,188,soup bowl,asc_manual
ASC095,Cold summer garden soup,Prepared Meal,49.18648147583008,2.645667791366577,8.571334838867188,14.081335067749023,1.8566449880599976,307,soup bowl,asc_manual
ASC096,Chapati/Roti,Prepared Meal,202.3111114501953,35.64999771118164,5.875,3.5611112117767334,6.3111114501953125,36,chapati,asc_manual
ASC097,Plain parantha/paratha,Prepared Meal,298.30084228515625,30.69233512878418,5.055602073669434,16.858184814453125,5.433456897735596,56,parantha,asc_manual
ASC098,Potato parantha/paratha (Aloo ka parantha/paratha),Prepared Meal,205.04238891601562,23.920074462890625,3.6979143619537354,10.220277786254883,4.17527961730957,93,parantha,asc_manual
ASC099,Radish parantha/paratha (Mooli ka parantha/paratha),Prepared Meal,183.52423095703125,20.542415618896484,3.297506809234619,9.527800559997559,4.324216365814209,100,parantha,asc_manual
ASC100,Cauliflower parantha/paratha (Phoolgobhi ka parantha/paratha),Prepared Meal,178.07040405273438,18.837081909179688,3.726067066192627,9.46512508392334,4.6809587478637695,102,parantha,asc_manual
ASC101,Dal parantha/paratha,Prepared Meal,268.2444763183594,30.032482147216797,6.775821685791016,13.053577423095703,6.463358402252197,77,parantha,asc_manual
ASC102,Sprouted moong parantha/paratha,Prepared Meal,228.59439086914062,24.306026458740234,4.292011260986328,12.426431655883789,4.488044261932373,77,parantha,asc_manual
ASC103,Pea parantha/paratha (Matar ka parantha/paratha),Prepared Meal,190.73114013671875,21.512731552124023,5.594754695892334,8.798940658569336,5.606614112854004,108,parantha,asc_manual
ASC104,Keema parantha/paratha,Prepared Meal,238.086181640625,18.35640525817871,9.405674934387207,13.909818649291992,3.441148042678833,100,parantha,asc_manual
ASC105,Paneer parantha/paratha,Prepared Meal,262.9658203125,24.326213836669922,7.984040260314941,14.621496200561523,4.000173091888428,85,parantha,asc_manual
ASC106,Besan and spinach parantha/paratha (Besan aur palak ka parantha/paratha),Prepared Meal,216.49209594726562,21.389270782470703,5.544742584228516,12.086648941040039,4.393850326538086,82,parantha,asc_manual
ASC107,Poori,Prepared Meal,737.6346435546875,8.220335960388184,1.354683756828308,77.60576629638672,1.4552441835403442,125,poori,asc_manual
ASC108,Spinach poori (Palak poori),Prepared Meal,684.25439453125,7.757184982299805,1.4218518733978271,71.85770416259766,1.5484445095062256,135,poori,asc_manual
ASC109,Methi poori,Prepared Meal,710.0203247070312,7.981307506561279,1.4534616470336914,74.6041488647461,1.61338472366333,130,poori,asc_manual
ASC110,Dal stuffed poori,Prepared Meal,785.162841796875,10.137200355529785,2.0753488540649414,81.68533325195312,1.9644328355789185,119,poori,asc_manual
ASC111,Potato stuffed poori (Aloo ki poori),Prepared Meal,776.7381591796875,9.400838851928711,1.5213927030563354,81.35301971435547,1.6401007175445557,119,poori,asc_manual
ASC112,Tandoori parantha/paratha,Prepared Meal,295.37005615234375,30.7401180267334,5.079640865325928,16.512575149536133,5.441916465759277,56,parantha,asc_manual
ASC113,Boiled rice (Uble chawal),Prepared Meal,117.18966674804688,25.720001220703125,2.6033332347869873,0.18333333730697632,1.246666669845581,300,plate,asc_manual
ASC114,Plain pulao,Prepared Meal,140.20791625976562,21.81610870361328,2.338649034500122,4.622068881988525,1.685498595237732,308,plate,asc_manual
ASC115,Mixed vegetable pulao,Prepared Meal,113.0494384765625,17.489917755126953,2.722787380218506,3.327634572982788,2.6673471927642822,438,plate,asc_manual
ASC116,Mushroom pulao,Prepared Meal,124.28645324707031,19.018360137939453,2.5225167274475098,4.029394626617432,1.8818777799606323,358,plate,asc_manual
ASC117,Sprouted moong pulao,Prepared Meal,112.97147369384766,17.491247177124023,2.1882078647613525,3.607832670211792,1.7846653461456299,408,plate,asc_manual
ASC118,Paneer pulao,Prepared Meal,581.9120483398438,8.757226943969727,1.9848072528839111,59.809207916259766,0.6193639039993286,500,plate,asc_manual
ASC119,Peanut pulao,Prepared Meal,193.2752685546875,21.180999755859375,5.3159260749816895,9.512810707092285,2.900153636932373,358,plate,asc_manual
ASC120,Navratan pulao,Prepared Meal,261.707763671875,36.979042053222656,6.198443412780762,9.453126907348633,3.8167121410369873,183,plate,asc_manual
ASC121,Green chickpeas pulao (Choliya pulao/Hare chane ka pulao),Prepared Meal,173.42837524414062,27.569656372070312,4.875859260559082,4.820158958435059,3.154414653778076,358,plate,asc_manual
ASC122,Mutton biryani/biriyani,Prepared Meal,190.76315307617188,22.495088577270508,7.376446723937988,7.724486827850342,2.415123462677002,208,plate,asc_manual
ASC123,Vegetable biryani/biriyani,Prepared Meal,174.60516357421875,18.557273864746094,3.1605417728424072,9.507964134216309,3.3085036277770996,302,plate,asc_manual
ASC124,"Lemon rice (Pulihora, Elumichai sadam, Chitranna)",Prepared Meal,176.30288696289062,21.622270584106445,4.256220817565918,7.8798065185546875,2.522399425506592,319,plate,asc_manual
ASC125,Sweet rice (Meethe chawal),Prepared Meal,215.41348266601562,42.59217071533203,2.095991611480713,4.565640926361084,1.130673885345459,348,plate,asc_manual
ASC126,Curd rice (Dahi bhaat/Dahi chawal/ Perugu annam/Daddojanam/Thayir saadam),Prepared Meal,195.73703002929688,32.93044662475586,5.753233909606934,4.316627025604248,2.1338064670562744,216,plate,asc_manual
ASC127,Tamarind rice (Chintapandu pulihora/Puliyodharai/Puli sadam/Huli anna),Prepared Meal,373.0386047363281,65.08139038085938,7.453181743621826,8.532773971557617,5.117789268493652,128,plate,asc_manual
ASC128,Spanish rice,Prepared Meal,164.24085998535156,31.09807014465332,4.189563274383545,2.2327356338500977,2.7778851985931396,217,plate,asc_manual
ASC129,Chinese fried rice,Prepared Meal,120.58412170410156,13.401684761047363,4.05177116394043,5.434627056121826,2.312879800796509,351,plate,asc_manual
ASC133,Macroni cheese pie,Prepared Meal,170.62753295898438,21.09503173828125,5.85098123550415,7.483591079711914,0.39908143877983093,240,casserole dish,asc_manual
ASC134,Vegetable chowmein,Prepared Meal,129.71388244628906,15.444334983825684,3.066948175430298,6.358810901641846,1.8633472919464111,300,plate,asc_manual
ASC135,Chicken chowmein,Prepared Meal,151.3335723876953,13.301461219787598,6.331267833709717,8.234783172607422,1.6449854373931885,344,plate,asc_manual
ASC136,Cheese noodle ring,Prepared Meal,133.66921997070312,13.955496788024902,6.224301815032959,6.117282867431641,1.2688804864883423,397,plate,asc_manual
ASC137,Spaghetti and cheese balls in tomato sauce,Prepared Meal,508.322021484375,7.815141677856445,2.4087061882019043,52.08030700683594,0.5925891995429993,500,plate,asc_manual
ASC138,Penne platter,Prepared Meal,177.40061950683594,20.872121810913086,5.040764808654785,8.709636688232422,1.091510534286499,261,plate,asc_manual
ASC139,Pasta hot pot,Prepared Meal,125.17289733886719,11.601784706115723,5.837541580200195,6.466379642486572,0.8040021061897278,500,plate,asc_manual
ASC140,Chicken lasagne,Prepared Meal,187.4915313720703,13.902274131774902,10.452420234680176,10.36139965057373,0.10575316101312637,500,plate,asc_manual
ASC141,Fettuccine with spinach sauce,Prepared Meal,129.20672607421875,12.18928050994873,3.103574752807617,7.828339576721191,0.7732551693916321,355,plate,asc_manual
ASC142,Naan,Prepared Meal,286.44964599609375,51.75419998168945,8.05210018157959,4.987837314605713,1.9091849327087402,53,naan,asc_manual
ASC143,Bhatura,Prepared Meal,793.2029418945312,10.733963012695312,1.6303993463516235,82.5638427734375,0.37921854853630066,146,bhatura,asc_manual
ASC144,Idli,Prepared Meal,137.53526306152344,28.17755699157715,4.637406349182129,0.33316707611083984,2.3092269897460938,30,idli,asc_manual
ASC146,Masala dosa,Prepared Meal,164.5846710205078,19.566587448120117,3.2877273559570312,7.840357303619385,2.522749423980713,210,dosa,asc_manual
ASC147,Semolina dosa (Suji/Rava dosa),Prepared Meal,227.05209350585938,32.84082794189453,7.300220012664795,7.116666316986084,4.044466972351074,73,dosa,asc_manual
ASC148,Onion tomato uttapam,Prepared Meal,462.0191955566406,11.315990447998047,1.9062505960464478,45.30297088623047,1.26231849193573,139,uttapam,asc_manual
ASC149,Paneer kaathi roll,Prepared Meal,285.942138671875,20.103469848632812,6.916443347930908,19.554462432861328,2.404341220855713,148,kaathi roll,asc_manual
ASC150,Makki ki roti,Prepared Meal,263.9683532714844,24.191999435424805,3.4924707412719727,16.849411010742188,5.191764831542969,85,roti,asc_manual
ASC151,Washed moong dal (Dhuli moong ki dal),Prepared Meal,50.00269317626953,5.906931400299072,2.677743673324585,1.680992841720581,1.1709928512573242,277,bowl,asc_manual
ASC152,Washed urad dal (Dhuli urad ki dal),Prepared Meal,61.32363510131836,5.8411149978637695,2.5109291076660156,2.9800169467926025,1.5285979509353638,296,bowl,asc_manual
ASC153,Split bengal gram with bottle gourd (Channa dal with ghiya/lauki),Prepared Meal,73.25393676757812,7.101042747497559,2.789580821990967,3.602670431137085,2.720830202102661,279,bowl,asc_manual
ASC154,Dry washed urad,Prepared Meal,124.71212768554688,15.66222095489502,6.8496856689453125,3.4971020221710205,4.05785608291626,143,bowl,asc_manual
ASC155,Mixed dal,Prepared Meal,61.92817687988281,5.792935848236084,2.5055992603302,3.103567600250244,1.6162534952163696,298,bowl,asc_manual
ASC156,Whole moong (Moong ki dal),Prepared Meal,53.698612213134766,5.218648910522461,2.249401330947876,2.5644569396972656,2.0171144008636475,342,bowl,asc_manual
ASC157,Whole masoor (Masoor ki dal),Prepared Meal,54.05467224121094,5.37463903427124,2.2791972160339355,2.518010377883911,1.9838132858276367,342,bowl,asc_manual
ASC158,Whole moth (Moth ki dal),Prepared Meal,54.99718475341797,5.740952014923096,2.005776882171631,2.6187903881073,1.84885573387146,342,bowl,asc_manual
ASC159,Whole urad (Urad ki dal),Prepared Meal,53.795135498046875,5.047299385070801,2.213059902191162,2.62381911277771,2.3189191818237305,339,bowl,asc_manual
ASC160,Moti mahal dal (Urad rajmah mix dal),Prepared Meal,103.12796020507812,8.737751007080078,3.929511785507202,5.656059265136719,3.3802528381347656,287,bowl,asc_manual
ASC161,Black channa curry/Bengal gram curry (Kale chane ki curry),Prepared Meal,140.67662048339844,14.114450454711914,5.666234970092773,6.610110759735107,7.989398956298828,120,bowl,asc_manual
ASC162,Chickpeas curry (Safed channa curry),Prepared Meal,163.43203735351562,19.97835922241211,6.099023818969727,6.842765808105469,4.732227325439453,120,bowl,asc_manual
ASC163,Lobia curry,Prepared Meal,148.98741149902344,17.881961822509766,6.064000129699707,5.619450569152832,4.567117214202881,120,bowl,asc_manual
ASC164,Soyabean curry,Prepared Meal,163.27719116210938,6.759547233581543,10.426908493041992,10.189997673034668,7.341466903686523,120,bowl,asc_manual
ASC165,Kidney bean curry (Rajmah curry),Prepared Meal,143.7259063720703,16.378459930419922,5.951425075531006,5.7745537757873535,5.825456142425537,120,bowl,asc_manual
ASC167,Sambar,Prepared Meal,96.91847229003906,10.567740440368652,3.3500633239746094,4.382696628570557,3.5215985774993896,257,bowl,asc_manual
ASC168,Besan kadhi with pakodies,Prepared Meal,403.3492126464844,3.5637803077697754,1.6443043947219849,42.5884895324707,0.8116763234138489,500,bowl,asc_manual
ASC169,Khatta channa,Prepared Meal,202.56605529785156,21.140640258789062,6.295548915863037,10.559773445129395,5.260317325592041,157,bowl,asc_manual
ASC170,Sprouted moong dal chat,Prepared Meal,32.47376251220703,6.005068302154541,1.3497076034545898,0.32163742184638977,1.3450292348861694,257,plate,asc_manual
ASC171,Potato cauliflower (Aloo gobhi),Prepared Meal,106.17748260498047,5.990505218505859,1.8975750207901,8.125692367553711,3.0182628631591797,176,bowl,asc_manual
ASC172,Potato capsicum (Shimla mirch aloo),Prepared Meal,125.52963256835938,8.716957092285156,1.409610629081726,9.332274436950684,2.0246083736419678,151,bowl,asc_manual
ASC173,Cabbage and peas (Pattagobhi aur matar),Prepared Meal,63.88294219970703,6.235406398773193,3.2393312454223633,2.6449499130249023,3.9855921268463135,166,bowl,asc_manual
ASC174,Carrot and fenugreek leaves (Gajar methi),Prepared Meal,61.91693878173828,4.170989990234375,2.095118284225464,3.806856632232666,4.428805828094482,191,bowl,asc_manual
ASC175,Potato fenugreek (Aloo methi),Prepared Meal,135.14739990234375,8.468133926391602,2.24550199508667,10.040675163269043,2.9267795085906982,204,bowl,asc_manual
ASC177,Brinjal bhartha (Baingan ka bhartha),Prepared Meal,65.11573028564453,4.397458076477051,1.3797035217285156,4.4805498123168945,3.2744195461273193,326,bowl,asc_manual
ASC178,Dry potato (Sookhe aloo),Prepared Meal,103.14553833007812,14.378251075744629,1.6200236082077026,4.182056903839111,1.8769739866256714,106,bowl,asc_manual
ASC179,Beans with coconut (Nariyal aur sem/phali; Beans thoran),Prepared Meal,131.63136291503906,4.393538951873779,2.618790864944458,11.393542289733887,5.585058689117432,150,bowl,asc_manual
ASC180,Cauliflower with coconut (Nariyal ke saath phoolgobhi),Prepared Meal,132.11083984375,3.9923083782196045,2.638852596282959,11.560721397399902,5.270761966705322,150,bowl,asc_manual
ASC181,Carrot and cabbage with coconut (Nariyal ke saath pattagobhi aur gajar),Prepared Meal,106.61273193359375,4.994035243988037,1.8197554349899292,8.621280670166016,4.521347522735596,200,bowl,asc_manual
ASC182,Raw turnip with coconut,Prepared Meal,132.14828491210938,5.7777838706970215,1.8029557466506958,11.467101097106934,2.7898201942443848,150,bowl,asc_manual
ASC183,Raw papaya with coconut (Papaya thoran),Prepared Meal,132.7501220703125,5.5771684646606445,1.5354688167572021,11.42029094696045,4.314496040344238,150,bowl,asc_manual
ASC184,Stuffed okra (Bharwa bhindi),Prepared Meal,94.34012603759766,3.8542532920837402,2.079592704772949,7.655135631561279,4.146153926849365,111,bowl,asc_manual
ASC185,Stuffed round gourd (Bharwa tinde),Prepared Meal,72.7967758178711,4.020564079284668,1.1034642457962036,5.7472004890441895,2.103806734085083,248,bowl,asc_manual
ASC186,Stuffed capsicum (Bharwa shimla mirch),Prepared Meal,90.94032287597656,8.255976676940918,1.3372509479522705,5.704382419586182,2.0107569694519043,125,capsicum,asc_manual
ASC187,Stuffed brinjal (Bharwa baingan),Prepared Meal,92.99759674072266,3.9584197998046875,1.5331376791000366,7.728148937225342,4.091648101806641,55,brinjal,asc_manual
ASC189,Stuffed tomatoes (Bharwa tamatar),Prepared Meal,93.34754943847656,6.1900739669799805,3.2818820476531982,6.059778690338135,2.197859764099121,135,tomato,asc_manual
ASC190,Pea potato curry (Aloo matar),Prepared Meal,100.92295837402344,9.739043235778809,3.4828591346740723,5.126852989196777,3.6079277992248535,277,bowl,asc_manual
ASC191,Pea paneer curry (Matar paneer),Prepared Meal,134.83436584472656,9.291922569274902,6.605493068695068,7.750081539154053,3.299630880355835,277,bowl,asc_manual
ASC192,Pea mushroom curry (Matar mushroom),Prepared Meal,93.2961196899414,7.4114909172058105,3.868680953979492,5.161108016967773,3.860334634780884,277,bowl,asc_manual
ASC193,Pea curry (Matar ki sabzi),Prepared Meal,102.99124908447266,9.196368217468262,4.5123186111450195,5.108823776245117,4.439067363739014,277,bowl,asc_manual
ASC194,Pea vadi curry,Prepared Meal,101.94745635986328,8.900667190551758,4.637181282043457,5.077193737030029,4.284573554992676,287,bowl,asc_manual
ASC195,Paneer curry,Prepared Meal,176.5167694091797,8.398056983947754,7.80112361907959,12.384866714477539,1.3991330862045288,202,bowl,asc_manual
ASC196,Lotus stem curry (Kamal kakdi curry),Prepared Meal,110.33787536621094,9.235796928405762,1.529191493988037,7.250926971435547,3.141336441040039,202,bowl,asc_manual
ASC197,Gravy for kofta,Prepared Meal,125.58592987060547,6.30678653717041,1.748348355293274,10.349658966064453,1.9572532176971436,139,bowl,asc_manual
ASC198,Pea kofta curry (Matar kofta curry),Prepared Meal,595.664794921875,4.1676106452941895,2.0104196071624756,63.392459869384766,1.7043529748916626,500,bowl,asc_manual
ASC199,Spinach kofta curry (Palak kofta curry),Prepared Meal,571.7760620117188,3.5648884773254395,1.0858426094055176,61.49188995361328,0.9238912463188171,500,bowl,asc_manual
ASC200,Paneer kofta curry,Prepared Meal,670.9107666015625,3.2690014839172363,2.3853530883789062,72.06321716308594,0.4012089967727661,500,bowl,asc_manual
ASC201,Lotus stem kofta curry (Kamal kakdi kofta curry),Prepared Meal,633.5641479492188,5.014779090881348,0.9571969509124756,67.76353454589844,1.0125051736831665,500,bowl,asc_manual
ASC202,Raw banana kofta curry (Kela kofta curry),Prepared Meal,627.271484375,3.4044394493103027,0.6216891407966614,67.97930908203125,0.5909394025802612,500,bowl,asc_manual
ASC203,Cauliflower kofta curry (Phoolgobhi kofta curry),Prepared Meal,641.099609375,2.616612434387207,1.037197470664978,69.62345886230469,0.9967566132545471,500,bowl,asc_manual
ASC204,Cabbage kofta curry (Pattagobhi kofta curry),Prepared Meal,639.812744140625,2.87414813041687,0.9756070971488953,69.40044403076172,0.9021880030632019,500,bowl,asc_manual
ASC205,Ghiya/Lauki Kofta Curry,Prepared Meal,638.7068481445312,2.7090401649475098,0.8883207440376282,69.40149688720703,0.8348828554153442,500,bowl,asc_manual
ASC206,Spinach paneer kofta curry (Palak paneer kofta curry),Prepared Meal,606.025146484375,2.942911386489868,1.426927924156189,65.40789031982422,0.7456361055374146,500,bowl,asc_manual
ASC207,Vegetarian egg kofta curry,Prepared Meal,627.4058227539062,4.260971546173096,1.3274797201156616,67.24187469482422,0.6372975707054138,500,bowl,asc_manual
ASC208,Baked vegetables,Prepared Meal,88.98686218261719,8.436529159545898,3.669917345046997,4.436777114868164,2.335702419281006,302,bowl,asc_manual
ASC209,Cauliflower musallam (Phoolgobhi musallam),Prepared Meal,58.82717514038086,4.484461307525635,1.8922444581985474,3.5467426776885986,3.0581061840057373,216,bowl,asc_manual
ASC210,Baked vegetables with spinach,Prepared Meal,77.79354858398438,6.929444313049316,3.2176640033721924,4.027524948120117,2.325833797454834,424,bowl,asc_manual
ASC211,Baked potato with skin,Prepared Meal,135.77285766601562,11.109951972961426,3.426379680633545,8.503636360168457,1.1966826915740967,78,bowl,asc_manual
ASC212,Shepherd's pie (vegetarian),Prepared Meal,135.63352966308594,12.034181594848633,5.0406107902526855,7.304504871368408,2.2289252281188965,271,bowl,asc_manual
ASC213,Baked brinjal in tomato sauce,Prepared Meal,38.62895965576172,4.129225254058838,1.5794516801834106,1.6234697103500366,2.340339422225952,431,bowl,asc_manual
ASC214,Dum aloo,Prepared Meal,682.3298950195312,3.3304882049560547,0.6982631683349609,74.0066909790039,0.6791980266571045,500,bowl,asc_manual
ASC215,Spinach paneer (Palak paneer),Prepared Meal,77.6831283569336,4.429644584655762,4.033646583557129,4.763011932373047,1.9068105220794678,296,bowl,asc_manual
ASC216,Methi chaman,Prepared Meal,475.62451171875,2.778881788253784,1.5414977073669434,50.90748596191406,0.5260059833526611,500,bowl,asc_manual
ASC217,Sarson ka saag,Prepared Meal,87.84226989746094,5.325719356536865,3.004992723464966,5.860703468322754,3.6934401988983154,141,bowl,asc_manual
ASC218,Jackfruit sabzi (Kathal ki sabzi),Prepared Meal,625.3995971679688,3.4002726078033447,0.6894789338111877,67.59599304199219,1.0243123769760132,361,bowl,asc_manual
ASC219,Avial,Prepared Meal,124.55918884277344,8.47270679473877,2.4609272480010986,8.936988830566406,5.443193435668945,335,bowl,asc_manual
ASC220,Al yakhani,Prepared Meal,147.54446411132812,4.646077632904053,2.857478380203247,13.144094467163086,1.2702155113220215,232,bowl,asc_manual
ASC221,Shahi paneer,Prepared Meal,156.49583435058594,6.6409196853637695,5.063810348510742,12.341103553771973,1.4023563861846924,259,bowl,asc_manual
ASC222,Paneer in butter sauce,Prepared Meal,145.60780334472656,9.701619148254395,6.986546993255615,8.809211730957031,1.497916340827942,157,bowl,asc_manual
ASC223,Methi malai paneer,Prepared Meal,194.97784423828125,8.150174140930176,7.340943813323975,14.758784294128418,1.4724628925323486,193,bowl,asc_manual
ASC224,Chilli paneer,Prepared Meal,777.5137329101562,3.3070476055145264,2.1021547317504883,84.01101684570312,0.5005616545677185,297,bowl,asc_manual
ASC225,Paneer makhana korma,Prepared Meal,775.816162109375,4.631985187530518,3.242100477218628,82.75785827636719,0.2097858339548111,500,bowl,asc_manual
ASC226,Kadhai Paneer,Prepared Meal,107.99248504638672,7.340911388397217,4.332953453063965,6.807462692260742,2.0674757957458496,318,bowl,asc_manual
ASC227,Roghan josh,Prepared Meal,139.58607482910156,4.928968906402588,9.558643341064453,9.021520614624023,2.0765023231506348,236,bowl,asc_manual
ASC228,Spinach mutton (Palak mutton),Prepared Meal,80.32388305664062,3.4480481147766113,5.742547035217285,4.710127353668213,2.232619285583496,486,bowl,asc_manual
ASC229,Pea keema curry (Matar keema ki sabzi),Prepared Meal,133.0029754638672,6.240138053894043,8.433099746704102,8.137558937072754,2.9595608711242676,344,bowl,asc_manual
ASC230,Keema kofta curry,Prepared Meal,154.45361328125,5.644655227661133,9.769634246826172,10.388391494750977,1.5072987079620361,41,kofta,asc_manual
ASC231,Kashmiri mutton koftas (Gushtaba),Prepared Meal,97.42452239990234,3.0412137508392334,6.334486961364746,6.767289161682129,0.624586820602417,304,gushtaba,asc_manual
ASC232,Mutton yakhni,Prepared Meal,104.12504577636719,0.8425586819648743,8.272323608398438,7.70028018951416,0.6720439195632935,232,bowl,asc_manual
ASC233,Chicken yakhni,Prepared Meal,99.0019760131836,0.7757287621498108,10.658814430236816,6.098036766052246,0.6187388300895691,252,bowl,asc_manual
ASC234,Mutton do piaza,Prepared Meal,183.30474853515625,4.136778354644775,9.38663387298584,14.41110897064209,1.9265577793121338,329,bowl,asc_manual
ASC236,Mutton chops,Prepared Meal,663.6375122070312,1.479083776473999,4.02982759475708,71.31482696533203,0.17231284081935883,350,chop,asc_manual
ASC237,Shammi kebab,Prepared Meal,685.6908569335938,3.53739333152771,4.516568660736084,72.60784912109375,1.049996018409729,171,kabab,asc_manual
ASC238,Scotch egg,Prepared Meal,676.8924560546875,1.907884120941162,4.051231384277344,72.62322998046875,0.3577994108200073,342,piece,asc_manual
ASC239,Shepherd's pie (with minced meat),Prepared Meal,142.7765350341797,8.057974815368652,7.448980808258057,8.878308296203613,1.0464756488800049,188,dish,asc_manual
ASC240,Chicken curry,Prepared Meal,129.22390747070312,3.378472328186035,11.794968605041504,7.5691046714782715,1.4060683250427246,248,bowl,asc_manual
ASC241,Tandoori chicken,Prepared Meal,145.19863891601562,2.3364603519439697,16.263874053955078,7.933260917663574,0.5048695206642151,500,chicken,asc_manual
ASC242,Butter chicken,Prepared Meal,137.00289916992188,3.7448949813842773,10.924116134643555,8.699542045593262,1.3239551782608032,275,large piece,asc_manual
ASC243,Chicken kebab,Prepared Meal,729.4060668945312,1.113486647605896,3.707453489303589,78.8861312866211,0.21231235563755035,124,kabab,asc_manual
ASC244,Chilli chicken,Prepared Meal,198.8343048095703,2.859405279159546,9.572081565856934,16.562744140625,0.9930559396743774,387,bowl,asc_manual
ASC245,Fried chicken with tomato sauce (Fried chicken tamatar ki chutney kay saath),Prepared Meal,125.03194427490234,2.506707191467285,11.478141784667969,7.610383987426758,1.1332929134368896,124,piece,asc_manual
ASC246,Fish curry (Machli curry),Prepared Meal,111.1279067993164,3.7737722396850586,8.761919975280762,6.691418170928955,1.885729432106018,254,bowl,asc_manual
ASC247,Fried fish (Indian style) (Tali hui machli),Prepared Meal,658.5440673828125,5.4047698974609375,4.345427989959717,68.8800048828125,0.6069307327270508,354,piece,asc_manual
ASC248,Fried fish and Chips (English Style) (Tali hui machli aur chips),Prepared Meal,651.7488403320312,2.770275831222534,3.3602795600891113,69.69393920898438,0.28517377376556396,500,fillet,asc_manual
ASC249,Tomato fish,Prepared Meal,489.78814697265625,3.17728853225708,2.3944642543792725,51.9081916809082,0.7157089114189148,500,bowl,asc_manual
ASC250,Baked fish with cheese sauce,Prepared Meal,113.96247100830078,4.064233303070068,8.636777877807617,7.021681785583496,0.07612720876932144,354,bowl,asc_manual
ASC251,Fish tikka,Prepared Meal,117.33052825927734,3.9073238372802734,15.997218132019043,4.149013996124268,1.1778521537780762,35,piece,asc_manual
ASC252,Tandoori fish,Prepared Meal,95.9795150756836,2.374371290206909,11.191893577575684,4.642070770263672,0.5800588726997375,234,piece,asc_manual
ASC253,"Paneer, apple and pineapple salad",Prepared Meal,95.08026885986328,8.348224639892578,3.8840737342834473,5.067788600921631,1.647458791732788,258,bowl,asc_manual
ASC254,Russian salad,Prepared Meal,114.8276596069336,6.499463081359863,4.262938499450684,7.836682319641113,2.5697314739227295,316,bowl,asc_manual
ASC255,Pasta salad,Prepared Meal,190.3612060546875,12.696222305297852,4.153348922729492,13.917381286621094,0.9554808735847473,216,bowl,asc_manual
ASC256,Deviled egg,Prepared Meal,98.55766296386719,2.2294209003448486,4.967010974884033,7.715618133544922,1.1514867544174194,160,egg,asc_manual
ASC257,Hawain salad,Prepared Meal,175.2334442138672,14.351881980895996,4.268974781036377,11.366477966308594,3.9338231086730957,390,bowl,asc_manual
ASC258,Mixed pulse and vegetable salad,Prepared Meal,83.11799621582031,13.961459159851074,4.735941410064697,0.8368490934371948,2.9610753059387207,170,bowl,asc_manual
ASC259,Sprouted moong salad,Prepared Meal,37.80807113647461,5.483361721038818,2.28932523727417,0.738871157169342,0.9467975497245789,204,bowl,asc_manual
ASC260,Tossed salad,Prepared Meal,62.958805084228516,4.951407432556152,1.024545431137085,4.218504428863525,2.1481525897979736,341,bowl,asc_manual
ASC261,Mixed vegetable salad with curd sauce,Prepared Meal,60.28056716918945,7.034287452697754,4.229650020599365,1.500777006149292,3.785794496536255,215,bowl,asc_manual
ASC262,Potato salad (Aloo ka salaad),Prepared Meal,89.90807342529297,11.18877124786377,1.3974575996398926,4.396949291229248,1.3211016654968262,236,bowl,asc_manual
ASC263,Waldroff salad,Prepared Meal,141.75323486328125,11.019432067871094,1.4740771055221558,10.051034927368164,1.8653548955917358,246,bowl,asc_manual
ASC264,Coleslaw,Prepared Meal,76.7125244140625,5.590819835662842,1.2383606433868408,5.3203277587890625,2.3380327224731445,153,bowl,asc_manual
ASC265,Fruit salad (Phalon ka salaad),Prepared Meal,78.13645935058594,15.960444450378418,0.9142269492149353,1.2166118621826172,1.5767269134521484,304,bowl,asc_manual
ASC269,Tomato onion raita (Tamatar aur pyaaz ka raita),Prepared Meal,59.00474166870117,7.080774307250977,3.735541582107544,1.8423898220062256,0.9748601317405701,178,bowl,asc_manual
ASC270,Peanut raita (Mungfali ka raita),Prepared Meal,150.38760375976562,9.30008316040039,8.590476036071777,8.979681015014648,1.8900578022003174,123,bowl,asc_manual
ASC271,Sprouted moong raita,Prepared Meal,60.894527435302734,6.12721061706543,4.623001575469971,2.1873152256011963,0.15886159241199493,153,bowl,asc_manual
ASC272,Bottle gourd raita (Ghiya/Lauki ka raita),Prepared Meal,56.30751037597656,5.760406017303467,3.9778194427490234,2.066138744354248,0.8531695604324341,153,bowl,asc_manual
ASC273,Cucumber raita (Kheere ka raita),Prepared Meal,59.12535095214844,6.349913120269775,4.036769866943359,2.0759637355804443,0.8597196936607361,153,bowl,asc_manual
ASC274,Carrot and spinach raita (Gajar aur palak ka raita),Prepared Meal,56.82553482055664,5.834925651550293,4.004861354827881,1.9850701093673706,1.394458293914795,178,bowl,asc_manual
ASC275,Mint raita (Pudinay ka raita),Prepared Meal,77.58534240722656,7.645182132720947,5.6378493309021,2.9639573097229004,0.3442571759223938,105,bowl,asc_manual
ASC276,Potato raita (Aloo ka raita),Prepared Meal,75.379638671875,10.23905086517334,4.220800876617432,2.039623260498047,0.7503228187561035,158,bowl,asc_manual
ASC277,Boondi raita,Prepared Meal,687.7191162109375,3.962462902069092,2.1937742233276367,73.82686614990234,0.45986318588256836,329,bowl,asc_manual
ASC278,Sweet raita (Meetha raita),Prepared Meal,99.2430191040039,17.931249618530273,3.2395832538604736,1.7791666984558105,1.019791603088379,192,bowl,asc_manual
ASC279,Dahi vadas/Dahi bhalla,Prepared Meal,667.726318359375,5.486240863800049,2.960587739944458,70.4029312133789,0.9654499292373657,172,vada,asc_manual
ASC280,Gunjia,Prepared Meal,667.341552734375,5.677238941192627,2.9820384979248047,70.276611328125,1.1347854137420654,175,gunjia,asc_manual
ASC281,Saunth/Sonth chutney with tamarind/imli,Prepared Meal,141.5258026123047,33.551185607910156,1.0124576091766357,0.1537853181362152,0.9340395331382751,30,teaspoon,asc_manual
ASC282,Rice kheer (Chawal ki kheer),Prepared Meal,75.02603149414062,10.049087524414062,2.2972254753112793,2.972336530685425,0.17283688485622406,401,bowl,asc_manual
ASC283,Makhana kheer,Prepared Meal,107.84941864013672,12.878679275512695,3.309985399246216,5.004436492919922,0.11479846388101578,278,bowl,asc_manual
ASC285,Vermicelli kheer (Semiya/Seviyan ki kheer),Prepared Meal,120.0692367553711,15.874359130859375,3.3546767234802246,4.997086048126221,0.4955083131790161,232,bowl,asc_manual
ASC286,Semolina kheer (Suji/Rava kheer),Prepared Meal,113.2107925415039,15.882381439208984,3.4267563819885254,4.204195022583008,0.5071865916252136,230,bowl,asc_manual
ASC287,Paneer kheer,Prepared Meal,105.30525207519531,10.0291166305542,4.527268886566162,5.372189044952393,0.06796462088823318,289,bowl,asc_manual
ASC288,Cabbage kheer (Pattagobhi ki kheer),Prepared Meal,83.50871276855469,9.72950267791748,2.8700525760650635,3.797400951385498,0.5112251043319702,254,bowl,asc_manual
ASC289,Carrot kheer (Gajar ki kheer),Prepared Meal,85.349853515625,10.091094970703125,2.8055949211120605,3.8524258136749268,0.7344692349433899,254,bowl,asc_manual
ASC290,Cauliflower kheer (Phoolgobhi ki kheer),Prepared Meal,81.95392608642578,8.782567977905273,3.037898540496826,3.9515576362609863,0.55208420753479,304,bowl,asc_manual
ASC291,Moong dal kheer,Prepared Meal,77.15716552734375,9.894006729125977,2.952488660812378,2.973688840866089,0.3951878547668457,405,bowl,asc_manual
ASC292,Phirni,Prepared Meal,116.11735534667969,16.108293533325195,3.4872515201568604,4.344455242156982,0.35763630270957947,290,bowl,asc_manual
ASC293,Semolina halwa (Suji ka halwa),Prepared Meal,225.64776611328125,24.666362762451172,2.1644556522369385,13.381912231445312,1.8562361001968384,160,bowl,asc_manual
ASC294,Shahi suji halwa,Prepared Meal,382.3438415527344,44.43684768676758,3.48014235496521,21.725046157836914,2.9615259170532227,98,bowl,asc_manual
ASC295,Carrot halwa (Gajar ka halwa),Prepared Meal,172.64108276367188,18.53288459777832,3.1124789714813232,9.732268333435059,2.653146982192993,168,bowl,asc_manual
ASC296,Egg halwa (Ande ka halwa),Prepared Meal,299.7441101074219,39.58943176269531,7.854403972625732,13.413471221923828,0.4875647723674774,97,bowl,asc_manual
ASC297,Potato halwa (Aloo ka halwa),Prepared Meal,151.66384887695312,29.176040649414062,1.526275634765625,3.4848556518554688,1.641784429550171,158,bowl,asc_manual
ASC298,Pumpkin halwa (Kaddu ka halwa),Prepared Meal,190.2737579345703,27.604692459106445,1.326190710067749,8.809317588806152,2.9703147411346436,155,bowl,asc_manual
ASC299,Moong dal halwa,Prepared Meal,349.80303955078125,40.225799560546875,8.35069751739502,17.679285049438477,2.6476988792419434,95,bowl,asc_manual
ASC300,Caramel custard (steamed),Prepared Meal,121.57780456542969,15.015517234802246,4.970086097717285,4.86879301071167,,232,bowl,asc_manual
ASC301,Baked custard,Prepared Meal,106.52605438232422,9.453520774841309,5.413426876068115,5.303098201751709,,213,bowl,asc_manual
ASC302,Soft Custard (stirred),Prepared Meal,109.18196105957031,11.189579010009766,5.013466835021973,5.065971851348877,,250,bowl,asc_manual
ASC304,Chocolate ice cream,Prepared Meal,177.7037811279297,15.408894538879395,4.468894958496094,11.245984077453613,,371,ice-cream cup,asc_manual
ASC305,Mango ice cream,Prepared Meal,125.68596649169922,11.135087966918945,3.402543783187866,7.618004322052002,0.515350878238678,456,ice-cream cup,asc_manual
ASC307,Fruit Ice cream (Phalon ka Ice cream),Prepared Meal,171.460693359375,16.051361083984375,4.373229503631592,10.380544662475586,0.3315175175666809,321,ice-cream cup,asc_manual
ASC308,Caramel ice cream,Prepared Meal,173.52276611328125,14.805932998657227,4.313412189483643,11.152161598205566,0.08412966877222061,271,ice-cream cup,asc_manual
ASC309,Lemon souffle,Prepared Meal,168.50547790527344,13.43206787109375,6.947383880615234,10.019113540649414,,237,souffle cup,asc_manual
ASC310,Orange souffle,Prepared Meal,168.2843017578125,14.199590682983398,6.798155784606934,9.725512504577637,0.22469262778759003,244,souffle cup,asc_manual
ASC311,Vanilla souffle,Prepared Meal,187.85391235351562,14.78069019317627,7.714758396148682,11.19429874420166,,217,souffle cup,asc_manual
ASC312,Chocolate souffle,Prepared Meal,189.31919860839844,14.740909576416016,7.879227161407471,11.362863540649414,,220,souffle cup,asc_manual
ASC313,Pineapple souffle,Prepared Meal,196.142578125,15.51683235168457,8.064504623413086,11.72044563293457,,202,souffle cup,asc_manual
ASC314,Apple mousse,Prepared Meal,106.92486572265625,12.765068054199219,4.208219051361084,4.273972511291504,1.5965752601623535,365,bowl,asc_manual
ASC315,Rich chocolate mousse,Prepared Meal,188.2603302001953,10.837054252624512,7.959429740905762,12.185083389282227,,210,cup,asc_manual
ASC316,Mango mousse,Prepared Meal,124.9756851196289,9.140071868896484,3.207240104675293,8.466129302978516,0.8845161199569702,279,cup,asc_manual
ASC317,Orange and pineapple cream,Prepared Meal,101.18311309814453,11.956521987915039,1.4360448122024536,5.428611755371094,1.0314165353775024,89,bowl,asc_manual
ASC318,Charlotte rousse,Prepared Meal,188.2864532470703,34.08068084716797,3.95491099357605,4.780652046203613,1.0092885494232178,253,bowl,asc_manual
ASC319,Triffle pudding,Prepared Meal,116.9670639038086,18.23686981201172,2.9333789348602295,3.934662103652954,0.11804961413145065,292,bowl,asc_manual
ASC320,Snow flakes pudding,Prepared Meal,95.21478271484375,8.07217025756836,4.674559593200684,4.968112945556641,0.03333333134651184,318,bowl,asc_manual
ASC321,Kulfi,Prepared Meal,98.42650604248047,11.302668571472168,3.208611488342285,4.696408271789551,0.1230904832482338,270,kulfi,asc_manual
ASC322,Steamed orange pudding,Prepared Meal,278.03314208984375,41.52545166015625,2.343419075012207,12.03508472442627,0.5848687887191772,107,large slice,asc_manual
ASC323,Meringue and rice pudding,Prepared Meal,112.9268798828125,14.604464530944824,4.836517810821533,4.050312519073486,0.16696429252624512,224,bowl,asc_manual
ASC324,Cheese pudding,Prepared Meal,285.0148010253906,19.273853302001953,11.291074752807617,18.37196159362793,0.04963085800409317,121,large slice,asc_manual
ASC325,Chocolate pudding,Prepared Meal,211.96348571777344,29.589513778686523,3.547400951385498,9.477615356445312,0.5250848531723022,166,large slice,asc_manual
ASC326,Bread and butter pudding,Prepared Meal,167.94126892089844,19.62779426574707,5.587009429931641,7.876481533050537,0.9753586053848267,123,plate,asc_manual
ASC327,Queen of pudding,Prepared Meal,132.91976928710938,16.34950065612793,5.507628440856934,5.379554748535156,0.2670759856700897,326,large slice,asc_manual
ASC328,Pineapple upside down pudding,Prepared Meal,257.7335205078125,35.731712341308594,3.147427558898926,11.913189888000488,0.801496684551239,134,large slice,asc_manual
ASC329,Date and nut pie,Prepared Meal,322.4159851074219,46.86371612548828,3.927433729171753,13.313716888427734,4.1345133781433105,226,bowl,asc_manual
ASC330,Stewed apple with custard,Prepared Meal,92.87266540527344,18.35978889465332,1.2698413133621216,1.8204585313796997,1.0072309970855713,283,piece,asc_manual
ASC331,Apple snowballs,Prepared Meal,101.51119995117188,24.58092498779297,0.8575337529182434,0.31221580505371094,1.247591495513916,260,piece,asc_manual
ASC332,Hot orange souffle,Prepared Meal,179.96522521972656,18.76819610595703,6.869344234466553,8.947623252868652,0.2943442761898041,122,bowl,asc_manual
ASC333,Hot chocolate souffle,Prepared Meal,226.09100341796875,26.211408615112305,6.700422286987305,11.104647636413574,0.11661972105503082,142,bowl,asc_manual
ASC334,Hot vanilla souffle,Prepared Meal,192.93272399902344,21.771137237548828,6.874431133270264,9.073646545410156,0.129882350564003,128,bowl,asc_manual
ASC335,Plain burfi (Burfi),Prepared Meal,408.3239440917969,30.884220123291016,9.816153526306152,27.963768005371094,0.1664171814918518,44,burfi,asc_manual
ASC336,Coconut burfi (Nariyal ki burfi),Prepared Meal,467.6354675292969,32.151981353759766,8.811453819274902,34.62643051147461,3.4977974891662598,57,burfi,asc_manual
ASC337,Bottle gourd burfi (Ghiya/Lauki burfi),Prepared Meal,275.95562744140625,24.509532928466797,5.858232498168945,17.67972183227539,0.7348353266716003,72,burfi,asc_manual
ASC338,Chocolate burfi,Prepared Meal,339.3292236328125,33.153846740722656,12.997692108154297,17.863847732543945,,33,burfi,asc_manual
ASC339,Cashewnut burfi (Kaju burfi/Kaju katli),Prepared Meal,421.7447814941406,37.92441940307617,5.475000381469727,28.460464477539062,1.1220929622650146,30,burfi,asc_manual
ASC340,Gram flour burfi (Besan burfi),Prepared Meal,421.7930603027344,46.58642578125,11.193964004516602,22.405546188354492,3.4083199501037598,38,burfi,asc_manual
ASC341,Semolina ladoo with khoya (Suji/Rava aur khoye ke ladoo ),Prepared Meal,428.7066345214844,52.85617446899414,6.7135138511657715,21.85932159423828,4.678498268127441,30,ladoo,asc_manual
ASC342,Semolina ladoo with coconut (Suji/Rava aur nariyal ke ladoo ),Prepared Meal,464.42974853515625,50.90433120727539,5.675257682800293,27.030241012573242,6.693814277648926,36,ladoo,asc_manual
ASC343,Gram flour ladoo (Besan ladoo),Prepared Meal,476.90948486328125,62.60844039916992,8.933900833129883,22.760391235351562,4.428652763366699,35,ladoo,asc_manual
ASC344,Sesame ladoo (Til ke ladoo),Prepared Meal,396.957275390625,43.5,10.704545974731445,19.64090919494629,7.722727298736572,30,ladoo,asc_manual
ASC345,Chenna murki,Prepared Meal,252.69265747070312,36.0110969543457,10.463245391845703,8.199722290039062,,90,bowl,asc_manual
ASC346,Milk cake,Prepared Meal,127.4081802368164,9.12880802154541,3.0126194953918457,8.927241325378418,0.06179286167025566,287,slice,asc_manual
ASC347,Ghujia/Lavang latika,Prepared Meal,768.9789428710938,13.004887580871582,1.8633781671524048,78.9301986694336,0.5188729166984558,106,gunjia,asc_manual
ASC348,Gulab Jamun with khoya,Prepared Meal,586.0634765625,26.092151641845703,2.030522108078003,53.233436584472656,0.07338083535432816,157,gulab jamun,asc_manual
ASC349,Mal pua,Prepared Meal,566.6776733398438,17.56153106689453,1.7057117223739624,54.6356315612793,0.617451548576355,150,malqura,asc_manual
ASC350,Shahi tukre,Prepared Meal,189.81004333496094,41.45988082885742,2.763382911682129,2.5377650260925293,0.5084372758865356,102,tukra,asc_manual
ASC351,Potato pakora/pakoda (Aloo pakoda),Prepared Meal,677.1902465820312,6.043454170227051,1.9038251638412476,71.83795166015625,1.0255004167556763,500,plate,asc_manual
ASC352,Onion pakora/pakoda (Pyaaz ke pakode),Prepared Meal,674.6106567382812,5.411282539367676,1.8990808725357056,71.83914184570312,1.1132690906524658,500,plate,asc_manual
ASC353,Cauliflower pakora/pakoda (Phoolgobhi ke pakode),Prepared Meal,671.6342163085938,4.518176555633545,1.9761749505996704,71.86286163330078,1.2627131938934326,500,plate,asc_manual
ASC354,Mixed vegetable pakora/pakoda,Prepared Meal,673.8098754882812,5.12336540222168,1.938517451286316,71.85663604736328,1.1266123056411743,500,plate,asc_manual
ASC355,Spinach pakora/pakoda (Palak pakoda),Prepared Meal,712.6192016601562,4.676296234130859,1.9645863771438599,76.37808990478516,1.0245863199234009,500,plate,asc_manual
ASC356,Methi pakora/pakoda (Methi ke pakode),Prepared Meal,713.2520141601562,4.683861255645752,2.0616707801818848,76.39006805419922,1.183451533317566,500,plate,asc_manual
ASC357,Egg pakora/pakoda (Ande ke pakode),Prepared Meal,710.5067138671875,4.476509094238281,2.8315439224243164,75.86315155029297,0.8609775304794312,500,plate,asc_manual
ASC358,Bread pakora/pakoda,Prepared Meal,710.9881591796875,8.872590065002441,2.571321725845337,74.19755554199219,1.1136746406555176,500,plate,asc_manual
ASC359,Paneer pakora/pakoda,Prepared Meal,718.1218872070312,5.5248703956604,3.270359516143799,76.05168151855469,0.8868960738182068,500,plate,asc_manual
ASC360,Potato bonda (Aloo bonda),Prepared Meal,632.8350219726562,4.534309387207031,1.0886664390563965,67.79877471923828,0.830328106880188,179,bonda,asc_manual
ASC361,Potato samosa (Aloo ka samosa),Prepared Meal,577.3856811523438,9.205666542053223,1.7117836475372314,59.1909294128418,1.1916142702102661,141,samosa,asc_manual
ASC362,Minced meat samosa (Keema ka samosa),Prepared Meal,620.9884643554688,6.137866973876953,4.42531156539917,64.26115417480469,0.3875543773174286,135,samosa,asc_manual
ASC363,Paneer and pea samosa (Paneer matar ka samosa),Prepared Meal,623.8062744140625,8.548890113830566,4.0177483558654785,63.64622116088867,1.017188549041748,135,samosa,asc_manual
ASC364,Mathri,Prepared Meal,805.1233520507812,12.323095321655273,1.74962317943573,83.09709930419922,0.599705159664154,87,kachori,asc_manual
ASC365,Khasta kachori,Prepared Meal,712.728759765625,12.81132984161377,2.5087974071502686,72.27396392822266,0.9740191698074341,101,kachori,asc_manual
ASC366,Vegetable cutlet,Prepared Meal,665.4544067382812,4.684823989868164,1.2467005252838135,71.32704162597656,0.9317917227745056,338,cutlet,asc_manual
ASC367,Flattened rice cutlet (Chirwa cutlet/Chivda cutlet/Poha cutlet),Prepared Meal,701.711181640625,7.394248008728027,1.755823016166687,73.88726806640625,0.8566645383834839,331,cutlet,asc_manual
ASC368,Peanut cutlet (Mungfali ke cutlet),Prepared Meal,698.7667236328125,5.675396919250488,2.627135992050171,74.00220489501953,1.2082369327545166,339,cutlet,asc_manual
ASC369,Fish cutlet (Machli ka cutlet),Prepared Meal,654.64013671875,3.1296799182891846,2.768209457397461,70.10616302490234,0.5379318594932556,349,cutlet,asc_manual
ASC370,Paneer potato cutlet (Paneer aloo cutlet),Prepared Meal,672.9443359375,5.228550434112549,2.4702839851379395,71.40327453613281,0.41150763630867004,343,cutlet,asc_manual
ASC371,Spinach chickpeas cutlet (Palak channa dal cutlet),Prepared Meal,688.0281372070312,4.932109355926514,1.440955400466919,73.59933471679688,0.929531455039978,328,cutlet,asc_manual
ASC372,Cheese toast,Prepared Meal,785.366943359375,5.485180854797363,1.9840171337127686,84.1091079711914,0.31429311633110046,145,toast,asc_manual
ASC375,Vegetable burger,Prepared Meal,519.9310913085938,13.688063621520996,3.2628092765808105,50.631317138671875,1.6975740194320679,500,burger,asc_manual
ASC376,Cheese pizza,Prepared Meal,249.49737548828125,30.62497901916504,5.79115629196167,12.434843063354492,1.9455914497375488,131,piece,asc_manual
ASC377,Vegetable seekh kebab,Prepared Meal,690.7252197265625,5.323051452636719,1.5730364322662354,73.72038269042969,0.586333155632019,165,kabab,asc_manual
ASC378,Masala vada,Prepared Meal,826.0245971679688,4.062221527099609,1.6862210035324097,89.15479278564453,1.0662378072738647,270,vada,asc_manual
ASC379,Peanut sago vada (Sabudana mungfali vada),Prepared Meal,749.8857421875,7.1394147872924805,1.0144987106323242,79.82255554199219,0.6226351261138916,306,vada,asc_manual
ASC380,Vegeterian scotch egg,Prepared Meal,681.66552734375,4.642024040222168,2.1630215644836426,72.77320861816406,0.577197253704071,334,piece,asc_manual
ASC381,Paneer shaslik/tikka,Prepared Meal,93.84956359863281,7.980454921722412,5.11279821395874,4.492904186248779,1.2325572967529297,439,plate,asc_manual
ASC382,Peanut brittle (Moongfali ki chikki),Prepared Meal,320.46295166015625,47.46446990966797,6.942639350891113,11.130456924438477,2.6345179080963135,30,piece,asc_manual
ASC383,Spring roll,Prepared Meal,623.8739624023438,8.558433532714844,1.8053548336029053,64.63278198242188,0.6684460043907166,94,spring roll,asc_manual
ASC384,Dry mango chutney (Sookhe aam ki chutney),Prepared Meal,298.1324462890625,69.17044830322266,2.434478282928467,0.6982401013374329,3.740860939025879,30,tablespoon,asc_manual
ASC385,Peanut chutney (Mungfali ki chutney),Prepared Meal,258.36676025390625,9.865445137023926,11.795147895812988,19.064098358154297,5.725602149963379,30,tablespoon,asc_manual
ASC386,Coconut chutney (Nariyal ki chutney),Prepared Meal,265.9245910644531,8.291091918945312,3.5900650024414062,24.999113082885742,6.734472751617432,30,tablespoon,asc_manual
ASC387,Mint and coriander chutney (Pudinay aur dhaniye ki chutney),Prepared Meal,102.5953140258789,21.182279586791992,2.8133883476257324,0.5068815350532532,4.333420753479004,30,tablespoon,asc_manual
ASC395,Custard tart,Prepared Meal,225.59930419921875,28.65911102294922,3.7231037616729736,10.725021362304688,0.9122929573059082,72,tart,asc_manual
ASC396,Lemon tart,Prepared Meal,303.35260009765625,30.683582305908203,6.117336273193359,17.448450088500977,0.8091848492622375,54,tart,asc_manual
ASC397,Jam tart,Prepared Meal,360.7218017578125,46.17616653442383,4.4186530113220215,17.351295471191406,1.1440414190292358,36,tart,asc_manual
ASC398,Orange cream tart,Prepared Meal,197.15927124023438,27.434804916381836,2.577662467956543,8.721904754638672,0.6405194997787476,72,tart,asc_manual
ASC399,Pineapple tart,Prepared Meal,195.404296875,28.618947982788086,2.287935256958008,8.214736938476562,0.8725506067276001,77,tart,asc_manual
ASC400,Cheese and mushroom tart,Prepared Meal,246.09642028808594,21.42671012878418,5.5084943771362305,15.28492546081543,1.1772490739822388,67,tart,asc_manual
ASC401,Cottage cheese pie,Prepared Meal,238.97972106933594,20.660694122314453,7.4481587409973145,13.827022552490234,2.2058374881744385,340,pie,asc_manual
ASC402,Minced meat pie,Prepared Meal,221.5529022216797,18.114713668823242,7.378210067749023,13.039274215698242,2.325727701187134,354,pie,asc_manual
ASC403,Apple cinnamon pie,Prepared Meal,258.734375,33.6783332824707,3.3514466285705566,12.205469131469727,1.7679604291915894,177,slice,asc_manual
ASC404,Lemon meringue pie,Prepared Meal,224.42613220214844,35.106929779052734,3.8764939308166504,8.156573295593262,0.4398406445980072,157,slice,asc_manual
ASC405,Chocolate meringue pie,Prepared Meal,214.75732421875,28.8005428314209,4.979538440704346,9.174382209777832,0.3744911849498749,184,slice,asc_manual
ASC407,Cream puffs,Prepared Meal,221.32684326171875,16.004837036132812,4.699136257171631,15.48151969909668,0.3813471496105194,72,puff,asc_manual
ASC408,Chocolate eclairs,Prepared Meal,239.41542053222656,26.21979331970215,4.237518310546875,13.49689769744873,0.3261447548866272,169,éclair,asc_manual
ASC409,Cheese balls,Prepared Meal,681.2822875976562,4.809665203094482,2.2110037803649902,72.56733703613281,0.1789080649614334,59,piece,asc_manual
ASC411,Minced meat patties,Prepared Meal,265.7190246582031,15.254345893859863,6.877348899841309,19.571426391601562,0.7674968242645264,130,patty,asc_manual
ASC412,Cheese patties,Prepared Meal,324.00909423828125,22.23377227783203,7.381089687347412,22.668561935424805,1.2432469129562378,104,patty,asc_manual
ASC413,Hot cheese souffle,Prepared Meal,177.0967254638672,5.405745506286621,9.182578086853027,13.230278015136719,0.12094355374574661,297,bowl,asc_manual
ASC414,Hot potato souffle,Prepared Meal,125.63875579833984,8.564294815063477,5.507102966308594,7.644676208496094,0.6573687791824341,367,bowl,asc_manual
ASC415,Hot fish souffle,Prepared Meal,142.92105102539062,3.6923108100891113,11.226530075073242,9.24467658996582,0.09785957634449005,367,bowl,asc_manual
ASC416,Hot spinach souffle,Prepared Meal,104.24739074707031,4.18816614151001,5.433976173400879,7.239029407501221,0.9902709126472473,397,bowl,asc_manual
ASC417,Plain cream cake,Prepared Meal,353.9397277832031,47.18427276611328,6.181830883026123,16.166807174682617,0.7126760482788086,53,piece,asc_manual
ASC418,Apple cake (Seb ka cake),Prepared Meal,290.0763854980469,39.48321533203125,4.93772029876709,12.867996215820312,1.2172977924346924,68,piece,asc_manual
ASC419,Marble cake,Prepared Meal,354.1051330566406,46.87871551513672,6.299614906311035,16.265562057495117,0.7081049680709839,54,piece,asc_manual
ASC420,Chocolate cake,Prepared Meal,335.6086730957031,45.13715362548828,6.006793975830078,15.18386459350586,0.6445859670639038,59,piece,asc_manual
ASC421,Orange cake,Prepared Meal,357.60858154296875,48.276588439941406,6.099879741668701,16.214645385742188,0.8307322859764099,52,piece,asc_manual
ASC422,Fruit Loaf,Prepared Meal,324.1949462890625,46.49192428588867,5.364250659942627,13.314026832580566,0.8716331124305725,56,slice,asc_manual
ASC423,Banana cake (Kele ka cake),Prepared Meal,389.51446533203125,39.99608612060547,5.772431373596191,23.314231872558594,1.1447219848632812,66,slice,asc_manual
ASC424,Chocolate chiffon cake,Prepared Meal,311.70928955078125,37.86885452270508,5.764435768127441,15.799030303955078,0.7048476934432983,73,slice,asc_manual
ASC425,Christmas cake,Prepared Meal,372.9477233886719,48.294639587402344,5.4928059577941895,16.883831024169922,1.487906813621521,104,slice,asc_manual
ASC426,Strawberry and vanilla cake with butter icing,Prepared Meal,370.5380859375,44.25393295288086,3.890472173690796,20.38861083984375,0.7919885516166687,117,slice,asc_manual
ASC427,Eggless cake,Prepared Meal,318.0814208984375,46.14249038696289,8.119446754455566,11.750404357910156,0.6790363788604736,61,slice,asc_manual
ASC429,Swiss roll,Prepared Meal,251.87351989746094,48.33952713012695,7.296679496765137,3.767035484313965,0.5454545617103577,63,swiss roll,asc_manual
ASC430,Pineapple pastry,Prepared Meal,208.20849609375,29.03999900817871,6.058520317077637,7.874136924743652,0.7205479145050049,91,pastry,asc_manual
ASC431,Black forest pastry,Prepared Meal,233.5455780029297,34.47667694091797,6.087828159332275,8.463431358337402,0.5404825806617737,93,pastry,asc_manual
ASC432,Coconut finger,Prepared Meal,274.8556823730469,42.557167053222656,7.090244770050049,8.86209774017334,1.8706294298171997,72,finger,asc_manual
ASC433,Pineapple cake,Prepared Meal,195.57154846191406,23.50896644592285,5.013372421264648,9.343976974487305,0.7563352584838867,500,slice,asc_manual
ASC439,Chocolate walnut cookies (Chocolate aur akhrot ke cookies),Prepared Meal,424.8010559082031,47.09653854370117,6.559678077697754,23.622108459472656,1.5449718236923218,30,cookie,asc_manual
ASC440,Chocolate chip cookies,Prepared Meal,425.290283203125,57.979427337646484,5.790704727172852,19.37832260131836,1.0514285564422607,30,cookie,asc_manual
ASC441,Sweet plain biscuit,Prepared Meal,380.7574768066406,50.290096282958984,5.85941743850708,17.666601181030273,1.0718446969985962,30,biscuit,asc_manual
ASC442,Chocolate biscuit,Prepared Meal,379.76165771484375,51.56403350830078,5.8763298988342285,17.09229278564453,1.0128440856933594,30,biscuit,asc_manual
ASC443,Coconut biscuit (Nariyal ke biscuit),Prepared Meal,434.98309326171875,42.90459060668945,5.780740737915039,27.160741806030273,3.6408889293670654,30,biscuit,asc_manual
ASC444,Sweet and salty biscuit (Meethay aur namkeen biscuit),Prepared Meal,407.9567565917969,45.0871467590332,6.153419494628906,22.3854923248291,1.6766839027404785,30,biscuit,asc_manual
ASC445,Peanut biscuit,Prepared Meal,401.0492248535156,46.72406005859375,8.450937271118164,20.408281326293945,2.484375,30,biscuit,asc_manual
ASC446,Pin wheel biscuit,Prepared Meal,404.6002197265625,54.56477737426758,5.399580478668213,18.660795211791992,1.157232642173767,30,biscuit,asc_manual
ASC447,Saffron biscuit (Kesar biscuit),Prepared Meal,458.6100769042969,59.7026481628418,6.047318458557129,22.01123809814453,1.9047033786773682,30,biscuit,asc_manual
ASC448,Masala biscuit,Prepared Meal,393.64215087890625,45.180206298828125,6.061443328857422,20.750205993652344,2.142061948776245,30,biscuit,asc_manual
ASC449,Ice box cookies,Prepared Meal,374.2432861328125,56.09218215942383,5.6988372802734375,14.436914443969727,1.27615225315094,30,cookie,asc_manual
ASC450,Ginger bread man,Prepared Meal,364.99981689453125,60.25521469116211,6.609490871429443,11.006036758422852,1.5980647802352905,30,biscuit,asc_manual
ASC451,Danish cookies,Prepared Meal,475.3273620605469,58.004974365234375,5.3333330154418945,24.915422439575195,1.3731343746185303,30,biscuit,asc_manual
ASC452,Short bread cookies,Prepared Meal,443.0935363769531,64.81565856933594,6.027046203613281,17.98434066772461,1.5715302228927612,30,biscuit,asc_manual
ASC453,Coffee biscuit,Prepared Meal,416.5721740722656,46.553470611572266,6.897576808929443,23.004684448242188,1.58836829662323,30,biscuit,asc_manual
ASC454,Melting moments,Prepared Meal,437.9105224609375,55.835391998291016,5.713255405426025,21.779199600219727,1.883138656616211,30,biscuit,asc_manual
ASC455,Ginger biscuit (Adarak ke biscuit),Prepared Meal,417.90899658203125,58.444786071777344,5.981011390686035,18.305675506591797,1.4885449409484863,30,biscuit,asc_manual
ASC456,Soyabean muthias,Prepared Meal,839.3265991210938,3.7021288871765137,2.4567065238952637,90.44906616210938,1.4698957204818726,134,muthia,asc_manual
ASC457,Soyabean tikki,Prepared Meal,698.1696166992188,4.386415004730225,3.534716844558716,74.01758575439453,2.2043774127960205,166,tikki,asc_manual
ASC458,Soyabean namak paras,Prepared Meal,838.4635620117188,4.6501688957214355,2.650986671447754,89.82512664794922,1.4136135578155518,274,plate,asc_manual
ASC459,Peanut burfi (Moongfali ki burfi),Prepared Meal,550.9937133789062,48.137794494628906,9.311023712158203,36.840946197509766,4.08661413192749,30,burfi,asc_manual
ASC460,Spinach peanut namak paras (Palak moongfali namak paras),Prepared Meal,740.1648559570312,6.616377830505371,1.6543337106704712,78.51103210449219,0.8090153932571411,316,plate,asc_manual
ASC461,Gram flour and semolina chilla/cheela/savory pancake (Besan suji chilla/cheela),Prepared Meal,758.8948364257812,7.632391929626465,2.076328992843628,80.03778839111328,1.3923587799072266,150,cheela,asc_manual
ASC462,Rice moong dal cheela (Chawal aur moong dal ka cheela),Prepared Meal,798.2612915039062,11.127787590026855,2.740994691848755,82.43790435791016,1.184048056602478,146,cheela,asc_manual
ASC463,Split bengal gram sweet rice (Channa dal sweet rice),Prepared Meal,190.21141052246094,41.07227325439453,4.154545307159424,0.6440909504890442,2.2272727489471436,220,plate,asc_manual
ASC464,Sweet poori (Meethi poori),Prepared Meal,782.7457275390625,14.262786865234375,2.118032693862915,79.63114929199219,1.5408196449279785,153,poori,asc_manual
ASC465,Wheat flour and moong dal burfi (Atta aur moong dal ki burfi),Prepared Meal,441.0816955566406,59.99618911743164,9.835238456726074,18.411428451538086,6.019047737121582,30,piece,asc_manual
ASC466,Spinach burfi (Palak burfi),Prepared Meal,121.17243957519531,12.760344505310059,2.707460641860962,6.814060211181641,1.1717361211776733,87,piece,asc_manual
ASC467,Sweet split chickpea roti (Sweet channa dal roti/Puranpoli),Prepared Meal,366.58697509765625,62.66041946411133,9.514519691467285,7.927868843078613,8.159250259399414,53,roti,asc_manual
ASC468,Sprouted moong daliya,Prepared Meal,111.56324768066406,14.772531509399414,2.8050949573516846,4.709778308868408,3.1229429244995117,316,plate,asc_manual
ASC469,Sprouted moong poha,Prepared Meal,192.60342407226562,26.604839324951172,5.592452049255371,6.885891437530518,3.132828712463379,191,plate,asc_manual
ASC470,Pearl millet ladoo (Bajra ladoo),Prepared Meal,319.6562194824219,50.98263168334961,9.61368465423584,8.058947563171387,5.996841907501221,47,ladoo,asc_manual
ASC471,Paushtik ladoo,Prepared Meal,485.8724365234375,60.335357666015625,7.651785850524902,24.982500076293945,4.57357120513916,35,ladoo,asc_manual
ASC472,Paushtik roti,Prepared Meal,149.2551727294922,26.594066619873047,7.168041706085205,1.508170485496521,5.735730171203613,43,roti,asc_manual
ASC473,Semolina carrot vada (Suji gajar vada),Prepared Meal,699.52880859375,6.520737171173096,1.5599077939987183,74.07450103759766,1.0675883293151855,163,vada,asc_manual
ASC474,Dhokla,Prepared Meal,216.48545837402344,30.68433380126953,13.447745323181152,5.283342361450195,4.9464521408081055,40,piece,asc_manual
BFP007,Kashmiri tea (Kehwa),Prepared Meal,24.90366554260254,5.232052803039551,0.1741410195827484,0.5063420534133911,0.15692248940467834,257,tea cup,bfp_manual
BFP008,Steeped hot coffee,Prepared Meal,15.908044815063477,3.0103960037231445,0.38663366436958313,0.33267325162887573,,202,tea cup,bfp_manual
BFP011,Hot chocolate,Prepared Meal,90.00577545166016,9.018110275268555,3.429396390914917,4.611023902893066,,190,tea cup,bfp_manual
BFP013,Cold coffee (with cream),Prepared Meal,82.76406860351562,11.983233451843262,1.9341317415237427,3.289820432662964,,251,tall glass,bfp_manual
BFP015,Banana milkshake with ice cream (Kele ka milkshake ice cream ke saath),Prepared Meal,76.44817352294922,11.153529167175293,2.01411771774292,2.77117657661438,0.2688235342502594,340,tall glass,bfp_manual
BFP019,Flavoured milkshake,Prepared Meal,66.77578735351562,8.646315574645996,2.0589473247528076,2.8294737339019775,,285,tall glass,bfp_manual
BFP024,Jal jeera,Prepared Meal,30.240806579589844,6.700246334075928,0.43786653876304626,0.25982123613357544,0.952431321144104,140,juice glass,bfp_manual
BFP026,Gingo,Prepared Meal,48.01787185668945,12.418608665466309,0.13628865778446198,0.059364259243011475,0.16749140620231628,291,tall glass,bfp_manual
BFP027,Mintade,Prepared Meal,40.32213592529297,10.594780921936035,0.033421050757169724,0.023464912548661232,0.025833332911133766,500,glass,bfp_manual
BFP029,Canjee,Prepared Meal,6.614322185516357,0.4361233413219452,0.24410180747509003,0.4234459102153778,0.3596671521663666,170,glass,bfp_manual
BFP030,Cauliflower canjee (Phoolgobhi ki canjee),Prepared Meal,6.896761417388916,0.34624359011650085,0.38903406262397766,0.42281848192214966,0.4940737187862396,179,glass,bfp_manual
BFP031,Potato canjee (Aloo canjee),Prepared Meal,16.263832092285156,2.68544602394104,0.43521127104759216,0.38843363523483276,0.4271446764469147,195,glass,bfp_manual
BFP036,Vermicelli porridge (Semiya/Seviyan porridge),Prepared Meal,78.3978271484375,10.564943313598633,2.4965951442718506,2.982597589492798,0.48171499371528625,397,bowl,bfp_manual
BFP039,Semolina upma (Suji/Rava upma),Prepared Meal,147.8926239013672,16.312658309936523,3.3008673191070557,7.4932708740234375,3.2424237728118896,106,bowl,bfp_manual
BFP040,Vermicelli upma (Semiya/Seviyan upma),Prepared Meal,149.1072540283203,16.875455856323242,3.1107585430145264,7.446214199066162,3.21042537689209,106,bowl,bfp_manual
BFP041,Rice upma,Prepared Meal,151.26658630371094,17.955875396728516,2.628898859024048,7.457507610321045,2.1168298721313477,106,bowl,bfp_manual
BFP042,Bread upma,Prepared Meal,129.51344299316406,12.59895133972168,2.7964203357696533,7.749258518218994,1.9587196111679077,106,bowl,bfp_manual
BFP043,Vegetable upma,Prepared Meal,146.46817016601562,16.45557403564453,4.727303981781006,6.6315436363220215,4.188104152679443,236,plate,bfp_manual
BFP044,Poha,Prepared Meal,294.5255126953125,35.047969818115234,6.085385799407959,14.138228416442871,3.7158710956573486,55,bowl,bfp_manual
BFP045,Vegetable poha,Prepared Meal,180.51585388183594,21.520601272583008,4.88825798034668,8.069046020507812,3.764533281326294,98,bowl,bfp_manual
BFP046,Moong dal stuffed cheela/chilla (Moong dal ka cheela/chilla),Prepared Meal,154.88502502441406,19.423521041870117,6.9737772941589355,5.1147565841674805,4.251524448394775,227,cheela,bfp_manual
BFP047,Paneer stuffed cheela/chilla,Prepared Meal,205.18930053710938,19.159791946411133,11.436202049255371,8.886109352111816,4.02839469909668,212,cheela,bfp_manual
BFP052,Indian style egg bhujia (Anda bhujia (Indian style)),Prepared Meal,102.83442687988281,3.7618134021759033,6.096826553344727,7.019655227661133,1.53493332862854,126,small bowl,bfp_manual
BFP054,French omelette/omlet,Prepared Meal,211.03948974609375,0.41132351756095886,10.030881881713867,18.85691261291504,0.3808823525905609,68,egg,bfp_manual
BFP055,Puffy omelette/omlet,Prepared Meal,188.14869689941406,0.07894736528396606,8.815789222717285,16.835525512695312,,76,egg,bfp_manual
BFP056,Orange omelette/omlet,Prepared Meal,194.66184997558594,1.6776316165924072,8.934210777282715,16.835525512695312,,76,egg,bfp_manual
BFP057,Cheese and mushroom omelette/omlet,Prepared Meal,205.62684631347656,1.6825780868530273,9.69140625,17.819297790527344,0.9312500357627869,128,egg,bfp_manual
BFP058,Spanish omelette/omlet,Prepared Meal,157.44740295410156,5.1000657081604,8.250065803527832,11.439275741577148,2.541973829269409,152,egg,bfp_manual
BFP059,Mixed stock,Prepared Meal,25.192527770996094,0.332087904214859,2.0648350715637207,1.7134065628051758,0.14571428298950195,500,cup,bfp_manual
BFP060,Meat stock,Prepared Meal,24.482759475708008,,2.1034481525421143,1.7758620977401733,,500,cup,bfp_manual
BFP062,White stock,Prepared Meal,6.987189769744873,0.39895424246788025,0.06797385960817337,0.5558170080184937,0.1733333319425583,500,cup,bfp_manual
BFP065,Meat consomme (with mutton),Prepared Meal,29.764188766479492,0.5090901851654053,14.858928680419922,13.677584648132324,0.7074366807937622,500,bowl,bfp_manual
BFP066,Consomme au julienne,Prepared Meal,27.762632369995117,1.491213083267212,12.492985725402832,10.657533645629883,1.383997917175293,500,bowl,bfp_manual
BFP067,Consomme au vermicelli,Prepared Meal,29.944137573242188,1.3008853197097778,15.231201171875,12.981599807739258,0.8061732649803162,500,bowl,bfp_manual
BFP072,Green pea soup (Matar ka soup),Prepared Meal,39.80643081665039,3.632769823074341,11.064568519592285,12.895628929138184,2.4928057193756104,500,bowl,bfp_manual
BFP073,Spinach soup (Palak ka soup),Prepared Meal,32.59222412109375,3.0258355140686035,10.53670883178711,14.2641019821167,1.9785419702529907,500,bowl,bfp_manual
BFP074,Mixed vegetable soup,Prepared Meal,35.70974349975586,2.948354959487915,8.2156343460083,11.661970138549805,1.6370433568954468,441,bowl,bfp_manual
BFP075,Cheese soup,Prepared Meal,41.13197326660156,1.8684245347976685,12.38849925994873,17.071733474731445,1.7953871488571167,445,bowl,bfp_manual
BFP076,Mulligatawny soup,Prepared Meal,54.42295837402344,8.236784934997559,11.264935493469238,13.276717185974121,2.5955166816711426,349,bowl,bfp_manual
BFP079,Cream of carrot soup,Prepared Meal,59.76658248901367,5.6875762939453125,8.274369239807129,12.351938247680664,1.9785246849060059,466,bowl,bfp_manual
BFP080,Cream of broccoli soup,Prepared Meal,56.142276763916016,3.7204384803771973,8.969630241394043,12.746293067932129,1.8875502347946167,461,bowl,bfp_manual
BFP082,Cream of potato soup,Prepared Meal,60.20338439941406,6.142794132232666,8.100199699401855,12.049994468688965,1.5147693157196045,476,bowl,bfp_manual
BFP087,Almond soup (Badam ka soup),Prepared Meal,78.65080261230469,3.682903528213501,10.130523681640625,13.798742294311523,0.9056499004364014,477,bowl,bfp_manual
BFP088,Cold cucumber cream soup,Prepared Meal,11.876679420471191,1.7591111660003662,0.3364967405796051,0.3370457589626312,0.7309281229972839,383,bowl,bfp_manual
BFP089,Cold tomato soup,Prepared Meal,16.904006958007812,0.5917668342590332,0.11340618878602982,1.557085633277893,0.16087432205677032,275,bowl,bfp_manual
BFP090,Chicken stew,Prepared Meal,127.54557800292969,4.441752910614014,7.192839622497559,8.912235260009766,1.8176558017730713,297,bowl,bfp_manual
BFP091,Veg paneer stew,Prepared Meal,145.5452117919922,10.215227127075195,6.984574794769287,8.407440185546875,3.078566789627075,237,bowl,bfp_manual
BFP108,Onion-green chilli parantha/paratha (Pyaaz aur hari mirch ka parantha/paratha),Prepared Meal,191.2708282470703,26.3702449798584,4.371401786804199,7.2689714431762695,5.162296772003174,76,parantha,bfp_manual
BFP110,Methi parantha/paratha,Prepared Meal,148.36228942871094,22.191102981567383,4.271204471588135,4.344996452331543,5.089674949645996,91,parantha,bfp_manual
BFP114,Bathua poori,Prepared Meal,598.79443359375,13.852322578430176,2.352811813354492,59.13740539550781,1.8711491823196411,91,poori,bfp_manual
BFP115,Gram flour poori (Besan poori),Prepared Meal,697.6649169921875,10.934513092041016,2.5867257118225098,71.51268005371094,1.9362832307815552,75,poori,bfp_manual
BFP116,Beetroot poori (Chukandar ki poori),Prepared Meal,527.6575927734375,12.288643836975098,1.9128886461257935,52.177677154541016,1.3979922533035278,103,poori,bfp_manual
BFP117,Peas poori (Matar ki poori),Prepared Meal,592.8313598632812,14.9174222946167,3.036515474319458,57.69212341308594,2.252983331680298,84,poori,bfp_manual
BFP118,Peas kachori (Matar kachori),Prepared Meal,584.683349609375,13.247672080993652,3.213043212890625,57.50550842285156,2.0310518741607666,108,kachori,bfp_manual
BFP122,Pizza,Prepared Meal,146.772705078125,9.942834854125977,6.848748683929443,8.723817825317383,1.7065834999084473,297,slice,bfp_manual
BFP124,Bacon and mushroom pancake,Prepared Meal,157.6691436767578,8.468841552734375,6.820419788360596,10.602088928222656,1.5865178108215332,122,pancake,bfp_manual
BFP125,Cheese and tomato pancake,Prepared Meal,147.38526916503906,10.66385555267334,5.1456990242004395,9.283824920654297,1.057777762413025,110,pancake,bfp_manual
BFP127,Minced meat pancake (with chicken),Prepared Meal,116.04132080078125,8.177068710327148,12.012725830078125,10.47835636138916,0.7017265558242798,134,pancake,bfp_manual
BFP132,Eggplant/Brinjal rice (Vangi bhat),Prepared Meal,184.79580688476562,31.739519119262695,5.278867244720459,3.67387318611145,4.435964584350586,291,plate,bfp_manual
BFP133,Kashmiri 'tahar',Prepared Meal,98.20726776123047,19.108060836791992,1.951994776725769,1.3652318716049194,0.9758060574531555,326,plate,bfp_manual
BFP134,Cumin pulao (Jeera/Zeera pulao),Prepared Meal,135.24134826660156,23.61042594909668,2.472125768661499,3.19645094871521,1.3994455337524414,271,plate,bfp_manual
BFP136,Peas pulao (Matar pulao),Prepared Meal,108.86902618408203,18.41572380065918,3.893981695175171,1.9029138088226318,3.212470769882202,472,plate,bfp_manual
BFP137,Split bengal gram dal and vegetable pulao (Channa dal and vegetable pulao),Prepared Meal,116.52501678466797,19.720027923583984,3.600520610809326,2.296186923980713,3.1590065956115723,442,plate,bfp_manual
BFP138,Black channa pulao/ Bengal gram pulao (Kale chane ka pulao),Prepared Meal,125.51226806640625,21.55298614501953,3.436180353164673,2.5780675411224365,2.693915367126465,397,plate,bfp_manual
BFP141,Mutton pulao,Prepared Meal,130.77203369140625,11.260220527648926,6.517856121063232,10.780278205871582,1.6508136987686157,500,plate,bfp_manual
BFP142,Chicken pulao,Prepared Meal,108.24070739746094,11.167526245117188,6.0749030113220215,8.476006507873535,1.6372241973876953,500,plate,bfp_manual
BFP143,Mexican rice,Prepared Meal,120.56631469726562,14.21426010131836,4.623010635375977,4.88023042678833,1.641403317451477,500,plate,bfp_manual
BFP144,Plain khitchdi (Plain khichri/khichdi),Prepared Meal,57.03049850463867,10.041864395141602,1.7178136110305786,1.0063414573669434,0.8483797907829285,500,small bowl,bfp_manual
BFP147,Instant idli (with semolina),Prepared Meal,247.28704833984375,43.40259552001953,9.164912223815918,3.6070773601531982,7.125243186950684,35,idli,bfp_manual
BFP148,Plain dosa,Prepared Meal,380.9057922363281,64.07878875732422,10.336366653442383,8.430865287780762,5.229584693908691,36,dosa,bfp_manual
BFP150,Masala dosa mixed vegetable fillings,Prepared Meal,144.53289794921875,23.01639175415039,4.835011959075928,3.2575178146362305,4.312078952789307,277,dosa,bfp_manual
BFP151,Masala dosa paneer fillings,Prepared Meal,243.11558532714844,29.755115509033203,10.308577537536621,8.843331336975098,3.1149590015411377,197,dosa,bfp_manual
BFP152,Uttapam,Prepared Meal,255.94635009765625,36.27714920043945,6.183180332183838,9.028703689575195,4.395711898803711,68,uttapam,bfp_manual
BFP153,Appam,Prepared Meal,267.6977233886719,13.279373168945312,3.1196720600128174,22.629667282104492,6.1931233406066895,153,appam,bfp_manual
BFP154,Beans and macaroni,Prepared Meal,136.08233642578125,14.242497444152832,4.583008766174316,7.014297008514404,2.04951810836792,254,plate,bfp_manual
BFP155,Spaghetti bolognese,Prepared Meal,97.42620849609375,10.04308032989502,9.350064277648926,9.51491641998291,1.0784796476364136,374,shallow dish,bfp_manual
BFP157,Meat and macaroni casserole,Prepared Meal,161.5495147705078,16.12368392944336,9.14674186706543,10.167915344238281,1.1870911121368408,400,small casserole dish,bfp_manual
BFP158,Spaghetti with meat balls and tomato sauce,Prepared Meal,158.12681579589844,10.457764625549316,5.606260776519775,10.640101432800293,1.1148855686187744,500,shallow dish,bfp_manual
BFP159,Spaghetti with paneer balls and tomato sauce,Prepared Meal,158.5359649658203,12.724629402160645,3.9538655281066895,10.437604904174805,1.2498105764389038,496,shallow dish,bfp_manual
BFP161,Lasagne with meat sauce,Prepared Meal,63.37648010253906,5.382512092590332,2.9015865325927734,3.434756278991699,0.47311463952064514,500,dish,bfp_manual
BFP162,Lasagne with vegetables,Prepared Meal,49.22756576538086,5.904449462890625,1.7051101922988892,2.160186529159546,0.6633665561676025,500,dish,bfp_manual
BFP165,Home made egg noodles,Prepared Meal,240.8446044921875,42.92109680175781,6.546877384185791,4.3736162185668945,1.59502112865448,225,curry bowl,bfp_manual
BFP170,Sour lentils (Khatti dal),Prepared Meal,34.78679656982422,6.039076805114746,2.215777635574341,0.12412714958190918,1.222334861755371,363,curry bowl,bfp_manual
BFP171,Urad special dehusked,Prepared Meal,69.43492889404297,8.86236572265625,3.1402227878570557,2.168675422668457,2.5015289783477783,266,curry bowl,bfp_manual
BFP172,Arhar with spinach (Arhar dal aur palak),Prepared Meal,52.837005615234375,4.765925884246826,2.0510432720184326,2.755333662033081,1.2950642108917236,403,curry bowl,bfp_manual
BFP174,Moong dal with vadi,Prepared Meal,24.078964233398438,0.995238184928894,0.39708638191223145,2.048027276992798,0.3938679099082947,362,curry bowl,bfp_manual
BFP176,Rasam with tamarind (Puli rasam/ Chintapandu rasam/ Charu/Saaru),Prepared Meal,26.740537643432617,3.369755506515503,1.13163161277771,0.8818190693855286,1.5956131219863892,390,curry bowl,bfp_manual
BFP177,Rasam with lemon (Nimmakaya rasam/Nimmakaya charu/Elumichai rasam/Nimbe hannina saaru),Prepared Meal,24.41213607788086,2.845593214035034,1.1060152053833008,0.8744194507598877,1.5370126962661743,394,curry bowl,bfp_manual
BFP178,Green gram whole with baghar (Sabut moong dal with tadka),Prepared Meal,63.43487548828125,6.795018196105957,3.2305705547332764,2.479680299758911,3.015108585357666,226,bowl,bfp_manual
BFP179,Urad sabut special,Prepared Meal,79.39273071289062,5.032357215881348,2.3288562297821045,5.461534023284912,2.14921236038208,442,bowl,bfp_manual
BFP185,Kabuli channa curry,Prepared Meal,68.57402801513672,7.627630233764648,2.9218780994415283,3.0572526454925537,1.1173582077026367,356,bowl,bfp_manual
BFP187,Besan gatte curry,Prepared Meal,189.37986755371094,16.25631332397461,7.754941940307617,10.720566749572754,3.247182607650757,256,bowl,bfp_manual
BFP190,Dry masala chops,Prepared Meal,135.0722198486328,3.2994251251220703,9.079808235168457,9.536886215209961,0.8560987114906311,148,chops,bfp_manual
BFP194,Mutton korma,Prepared Meal,115.6387710571289,2.5322153568267822,7.092463493347168,8.535347938537598,0.7784342169761658,366,bowl,bfp_manual
BFP196,Shahi keema kofta curry,Prepared Meal,418.1347961425781,1.7322837114334106,4.140879154205322,43.82570266723633,0.9061806201934814,500,bowl,bfp_manual
BFP197,Minced meat ball curry,Prepared Meal,109.78636169433594,2.8584256172180176,6.816090106964111,7.846933841705322,1.48771071434021,373,bowl,bfp_manual
BFP198,Boti kebab,Prepared Meal,132.8579559326172,3.062425136566162,9.223479270935059,9.267193794250488,0.756249189376831,55,kebab,bfp_manual
BFP199,Mutton seekh kebab,Prepared Meal,133.93788146972656,3.1081693172454834,11.250200271606445,8.434111595153809,1.8839112520217896,45,kebab,bfp_manual
BFP201,Indian lamb and egg curry (Nargisi kofta),Prepared Meal,335.75128173828125,2.069631338119507,3.8397438526153564,34.69672775268555,0.5953487157821655,391,kofta,bfp_manual
BFP203,Soya chunks sweet and sour (Nutrinugget sweet and sour),Prepared Meal,500.9414978027344,3.27394437789917,2.8535497188568115,55.991085052490234,0.8577092289924622,462,bowl,bfp_manual
BFP204,Soya chunks korma (Nutrinugget korma),Prepared Meal,131.42710876464844,7.671975135803223,3.861602783203125,9.499078750610352,2.5699493885040283,249,bowl,bfp_manual
BFP205,Mushroom matar,Prepared Meal,70.77049255371094,5.332342624664307,2.7919771671295166,4.107232093811035,3.132453680038452,263,bowl,bfp_manual
BFP206,Soya chunks and peas (Nutrinugget matar),Prepared Meal,82.62155151367188,5.819057941436768,3.0291988849639893,5.108036518096924,2.8574466705322266,223,bowl,bfp_manual
BFP207,Vegetable yakhni,Prepared Meal,406.0583801269531,1.9396111965179443,1.1754627227783203,43.79631042480469,0.6138189435005188,500,bowl,bfp_manual
BFP208,Spinach mushroom (Palak mushroom),Prepared Meal,47.625389099121094,2.9535396099090576,1.9403995275497437,2.956538677215576,2.2720611095428467,295,bowl,bfp_manual
BFP210,Vegetarian nargisi kofta curry,Prepared Meal,332.1537780761719,6.5783514976501465,2.2880382537841797,32.93953323364258,0.8610579371452332,399,kofta,bfp_manual
BFP212,Roast chicken,Prepared Meal,199.90284729003906,0.10034676641225815,20.485633850097656,13.063252449035645,0.031077789142727852,133,joint,bfp_manual
BFP214,Shahi chicken masala,Prepared Meal,163.69508361816406,4.0654449462890625,9.824180603027344,12.016855239868164,0.9615709781646729,349,bowl,bfp_manual
BFP216,Tomato chicken,Prepared Meal,111.68009185791016,2.132354974746704,10.570333480834961,6.714834213256836,1.4232397079467773,176,bowl,bfp_manual
BFP217,Creamy chicken,Prepared Meal,152.86581420898438,3.125948905944824,13.517690658569336,9.574430465698242,0.6944236755371094,217,bowl,bfp_manual
BFP218,Broccoli chicken ala king,Prepared Meal,119.56106567382812,5.3371806144714355,7.973781108856201,7.572684288024902,1.9210470914840698,236,bowl,bfp_manual
BFP220,Ginger chicken,Prepared Meal,129.1676483154297,5.599249839782715,8.244894981384277,8.240785598754883,1.2136913537979126,384,bowl,bfp_manual
BFP221,Chicken sweet and sour,Prepared Meal,445.0939636230469,2.6660375595092773,6.920297622680664,47.59152603149414,0.5767731070518494,500,bowl,bfp_manual
BFP222,Chicken korma,Prepared Meal,147.9583740234375,5.429599761962891,9.830964088439941,9.674144744873047,1.818806767463684,347,bowl,bfp_manual
BFP223,Bengal fish curry (Bengali machli curry),Prepared Meal,109.43326568603516,4.419909477233887,7.263133525848389,7.026848793029785,1.926630973815918,310,bowl,bfp_manual
BFP226,Fish finger,Prepared Meal,542.9013061523438,4.474176406860352,5.65550422668457,55.82164764404297,0.33995357155799866,444,fillet,bfp_manual
BFP229,Fish in coconut milk (Nariyal ke doodh ke saath machli),Prepared Meal,86.20545196533203,2.7309341430664062,8.659459114074707,4.431859970092773,1.5153682231903076,326,dish,bfp_manual
BFP230,Prawn curry (with coconut) (Jhinga curry),Prepared Meal,109.54869079589844,3.103473424911499,8.543452262878418,6.929214000701904,1.564234972000122,286,bowl,bfp_manual
BFP231,Baked stuffed fish,Prepared Meal,121.96038055419922,2.1212949752807617,16.138198852539062,5.427358150482178,0.37637126445770264,500,fish,bfp_manual
BFP232,Fish pie,Prepared Meal,120.89502716064453,7.743610858917236,9.250432968139648,5.7728986740112305,0.7566347122192383,306,pie,bfp_manual
BFP233,Crispy baked fish,Prepared Meal,138.40179443359375,9.587173461914062,10.953568458557129,6.413250923156738,1.207491159439087,283,casserole dish,bfp_manual
BFP234,Fish souffle,Prepared Meal,139.70716857910156,5.1389923095703125,10.508346557617188,8.546370506286621,0.19215142726898193,295,dish,bfp_manual
BFP239,Potato curry (Aloo ki sabzi),Prepared Meal,89.55504608154297,10.419947624206543,1.5177794694900513,4.468658924102783,2.4220821857452393,202,bowl,bfp_manual
BFP240,Egg curry (Anda curry),Prepared Meal,117.52069091796875,4.03344202041626,5.383247375488281,8.80944538116455,2.092888355255127,152,bowl,bfp_manual
BFP241,Vegetable curry with coconut,Prepared Meal,83.0712661743164,7.185318470001221,2.7740097045898438,4.6555094718933105,3.345585346221924,372,bowl,bfp_manual
BFP242,Curd with potatoes (Dahi aloo),Prepared Meal,59.90421676635742,7.1462483406066895,1.5634292364120483,2.720989227294922,1.1870113611221313,379,bowl,bfp_manual
BFP246,Potato kofta curry (Aloo kofta curry),Prepared Meal,455.3974609375,2.7838075160980225,0.5600302815437317,49.08486557006836,0.5600333213806152,500,bowl,bfp_manual
BFP249,Yam kofta curry (Zimikand/Suran kofta curry),Prepared Meal,322.8794860839844,3.748732328414917,0.7149139046669006,33.835304260253906,1.0377956628799438,500,bowl,bfp_manual
BFP250,Jackfruit kofta curry (Kathal ka kofta curry),Prepared Meal,321.08282470703125,3.166533946990967,0.8044828772544861,33.83210372924805,0.964221179485321,500,bowl,bfp_manual
BFP257,Spinach and potato (Palak aloo),Prepared Meal,57.170955657958984,5.912322044372559,1.6299874782562256,2.8196754455566406,2.0378479957580566,335,bowl,bfp_manual
BFP258,Mooli bhujia,Prepared Meal,91.20166778564453,4.744147777557373,1.6869206428527832,7.2503156661987305,2.356360912322998,198,bowl,bfp_manual
BFP259,Bathua bhujia,Prepared Meal,90.9005355834961,3.6303486824035645,2.263979434967041,7.288114070892334,3.8027875423431396,198,bowl,bfp_manual
BFP261,Cabbage rolls (dry) ((Pattagobhi rolls) (dry)),Prepared Meal,142.4750518798828,6.094019889831543,8.20612621307373,9.35861873626709,1.8360204696655273,83,roll,bfp_manual
BFP262,Cabbage rolls (curry) ((Pattagobhi rolls)(curry)),Prepared Meal,124.62748718261719,7.032143592834473,5.7596306800842285,8.16766357421875,2.35186505317688,146,roll,bfp_manual
BFP263,Dry arbi (Sookhi arbi),Prepared Meal,134.94505310058594,11.106585502624512,2.116119861602783,8.966598510742188,2.4732165336608887,201,bowl,bfp_manual
BFP264,Masala arbi,Prepared Meal,185.37693786621094,16.157772064208984,3.007230043411255,11.902779579162598,3.099414825439453,116,bowl,bfp_manual
BFP266,Peas brinjal bhartha (Matar baingan bhartha),Prepared Meal,84.54545593261719,5.018434524536133,2.0512430667877197,6.0518879890441895,3.630924701690674,262,small bowl,bfp_manual
BFP269,Okra/Lady's fingers fry (Bhindi sabzi/sabji/subji),Prepared Meal,110.80847930908203,4.5031561851501465,1.8304076194763184,9.273520469665527,3.569150447845459,166,bowl,bfp_manual
BFP270,Crispy okra/Crispy lady's fingers (Karare bhindi),Prepared Meal,657.7600708007812,4.348548412322998,1.9118162393569946,70.39558410644531,1.7533990144729614,343,small bowl,bfp_manual
BFP272,Beans foogath,Prepared Meal,105.06459045410156,3.2590041160583496,2.0253562927246094,9.221795082092285,4.14662504196167,181,small bowl,bfp_manual
BFP273,Stuffed bittergourd (wet) (Bharwa karele),Prepared Meal,162.36154174804688,4.679901599884033,1.3634722232818604,15.24490737915039,2.860555410385132,156,bowl,bfp_manual
BFP274,Jackfruit/Kathal (dry),Prepared Meal,488.9747619628906,4.564837455749512,0.9296601414680481,51.78341293334961,1.3285168409347534,483,bowl,bfp_manual
BFP275,Yam fried (Zimikand/Suran fried),Prepared Meal,491.7631530761719,5.468400001525879,0.7906505465507507,51.78837585449219,1.4427032470703125,483,bowl,bfp_manual
BFP276,"Cauliflower, pea and potato bhujia (Phoolgobhi, matar aur aloo bhujia)",Prepared Meal,95.6666488647461,8.233966827392578,2.75445818901062,5.540585041046143,3.2630536556243896,191,bowl,bfp_manual
BFP277,Vegetable jalfrezi,Prepared Meal,68.47779846191406,5.425917148590088,1.404845118522644,4.3751654624938965,2.9696500301361084,101,bowl,bfp_manual
BFP278,Vegetables stir fry,Prepared Meal,30.781307220458984,3.194504499435425,1.03522527217865,1.4730372428894043,1.374916434288025,389,small bowl,bfp_manual
BFP279,Broccoli delight,Prepared Meal,40.696990966796875,2.342355966567993,2.4903509616851807,2.4840853214263916,2.8293232917785645,200,bowl,bfp_manual
BFP280,Dhansak (vegetarian),Prepared Meal,82.80193328857422,7.278299331665039,3.322080612182617,4.179668426513672,4.168105125427246,241,bowl,bfp_manual
BFP282,Cauliflower basket,Prepared Meal,90.9475326538086,3.969550371170044,5.205246925354004,5.880738258361816,2.3982980251312256,241,portion,bfp_manual
BFP284,Stuffed bottle gourd (Stuffed ghiya/lauki),Prepared Meal,93.18714141845703,4.36107063293457,5.8379435539245605,5.802958011627197,1.181577444076538,355,portion,bfp_manual
BFP286,Ducheese potato,Prepared Meal,140.53915405273438,10.936365127563477,3.602362632751465,9.010547637939453,1.2921322584152222,43,potato,bfp_manual
BFP287,Roast potatoes,Prepared Meal,87.31853485107422,14.521992683410645,1.5261659622192383,2.354518413543701,1.7128534317016602,77,potato,bfp_manual
BFP288,Stuffed baked potatoes,Prepared Meal,100.19805145263672,11.034720420837402,3.8153202533721924,4.390840530395508,1.30967378616333,104,potato,bfp_manual
BFP289,Potato nests,Prepared Meal,111.6167221069336,11.048689842224121,5.706343173980713,4.76517915725708,2.48541522026062,191,nest,bfp_manual
BFP290,Parsley potato,Prepared Meal,119.51380157470703,13.811198234558105,1.4891704320907593,6.278064727783203,1.593870997428894,108,bowl,bfp_manual
BFP291,Creamed spinach and mushroom,Prepared Meal,419.61541748046875,3.1675798892974854,2.2780840396881104,44.137428283691406,1.0179495811462402,500,bowl,bfp_manual
BFP292,Fricassee of Mushroom,Prepared Meal,106.66338348388672,8.132780075073242,3.6514029502868652,6.63320779800415,1.2347955703735352,281,dish,bfp_manual
BFP293,Cauliflower au gratin,Prepared Meal,145.8968048095703,9.134358406066895,4.453841209411621,10.204614639282227,1.4431378841400146,336,bowl,bfp_manual
BFP294,Vegetable and cheese pie,Prepared Meal,126.87702941894531,8.757074356079102,4.02907133102417,8.281412124633789,1.9115378856658936,485,dish,bfp_manual
BFP296,Spinach souffle,Prepared Meal,150.17990112304688,6.273834705352783,7.357641696929932,10.520814895629883,1.436058759689331,200,small bowl,bfp_manual
BFP299,Beetroot and egg salad (Chukandar aur ande ka salad),Prepared Meal,84.91504669189453,3.402134895324707,3.356741428375244,6.453707695007324,0.5513483285903931,222,small bowl,bfp_manual
BFP300,Sour cream potato salad,Prepared Meal,121.89783477783203,9.052945137023926,2.8883795738220215,8.126080513000488,1.2074589729309082,227,small bowl,bfp_manual
BFP301,Tossed green salad,Prepared Meal,49.87812805175781,3.815504550933838,1.3340367078781128,3.23651385307312,1.3262385129928589,218,small bowl,bfp_manual
BFP302,Spring basket salad,Prepared Meal,160.4569549560547,11.606666564941406,3.3628571033477783,11.29714298248291,3.091428756713867,210,basket,bfp_manual
BFP303,Cucumber and yogurt salad (Kheere aur dahi ka salad),Prepared Meal,36.125816345214844,4.723781108856201,2.0911896228790283,0.9267529845237732,1.661916732788086,115,small plate,bfp_manual
BFP305,Chicken and tomato towers,Prepared Meal,100.55178833007812,2.3635880947113037,6.900942802429199,6.991310119628906,1.1442689895629883,264,stuffed tomato,bfp_manual
BFP306,Jellied sunshine fruit salad,Prepared Meal,48.86491775512695,4.207062244415283,5.851489067077637,0.8481287956237793,1.797967791557312,249,small mould,bfp_manual
BFP307,Tomato aspic,Prepared Meal,50.373313903808594,5.023009300231934,6.87376594543457,0.2617279291152954,1.5835527181625366,213,small mould,bfp_manual
BFP308,Frozen frosty fruit salad (Phalon ka salaad),Prepared Meal,103.50741577148438,15.6080904006958,1.6776823997497559,4.171952724456787,0.26178109645843506,233,slice,bfp_manual
BFP310,French dressing,Prepared Meal,733.769287109375,3.675629138946533,0.3226490020751953,79.64860534667969,0.21960265934467316,201,cup,bfp_manual
BFP312,Mayonnaise without eggs,Prepared Meal,329.0537109375,3.984919309616089,2.131207227706909,33.83994674682617,0.042814720422029495,387,cup,bfp_manual
BFP313,Curd dressing,Prepared Meal,78.79560089111328,8.028802871704102,5.585834980010986,2.9034323692321777,0.2200736254453659,209,cup,bfp_manual
BFP316,Carrot raita (Gajar ka raita),Prepared Meal,64.78433990478516,7.185221195220947,4.136575222015381,2.1851816177368164,1.686808466911316,158,bowl,bfp_manual
BFP318,Pumpkin raita (Kaddu ka raita),Prepared Meal,55.60216522216797,6.0176825523376465,3.7350518703460693,1.8839621543884277,1.0413557291030884,170,bowl,bfp_manual
BFP320,Mint and peanut raita (Pudinay aur moongfali ka raita),Prepared Meal,112.04664611816406,7.3111467361450195,7.04649543762207,6.191745758056641,1.7900195121765137,133,bowl,bfp_manual
BFP321,Spinach raita (Palak ka raita),Prepared Meal,52.754600524902344,5.058942794799805,3.9483280181884766,1.858319640159607,1.390839695930481,203,bowl,bfp_manual
BFP322,Bathua raita,Prepared Meal,54.40149688720703,5.309964179992676,4.125519275665283,1.7598799467086792,2.1931235790252686,203,bowl,bfp_manual
BFP325,Pineapple raita (Ananas ka raita),Prepared Meal,67.74183654785156,8.621537208557129,3.8981993198394775,2.021782875061035,1.3891651630401611,159,bowl,bfp_manual
BFP326,Banana raita (Kele ka raita),Prepared Meal,89.03275299072266,13.51010513305664,4.127990245819092,2.072148084640503,0.9956874847412109,159,bowl,bfp_manual
BFP327,Mango raita (Aam ka raita),Prepared Meal,67.36566925048828,8.231207847595215,3.9044950008392334,2.144547939300537,0.891809344291687,159,bowl,bfp_manual
BFP328,Guava raita (Amarood ka raita),Prepared Meal,64.35635375976562,7.271121978759766,4.187798976898193,2.072148084640503,3.003997802734375,159,bowl,bfp_manual
BFP329,Grapes raita (Angoor ka raita),Prepared Meal,72.5943603515625,9.657170295715332,3.975321054458618,2.0674264430999756,0.7092357277870178,159,bowl,bfp_manual
BFP334,Bottle gourd kheer (Ghiya/Lauki kheer),Prepared Meal,84.07347869873047,10.002121925354004,2.7009787559509277,3.8568472862243652,0.5464400053024292,268,bowl,bfp_manual
BFP336,Pumpkin kheer (Kaddu ki kheer),Prepared Meal,86.35009002685547,10.435442924499512,2.7588794231414795,3.86245059967041,0.6286215782165527,268,bowl,bfp_manual
BFP338,Apple kheer (Seb ki kheer),Prepared Meal,81.29505157470703,11.344511032104492,2.1373558044433594,3.1800167560577393,0.5103079080581665,333,bowl,bfp_manual
BFP345,Caramel custard (baked),Prepared Meal,122.69644927978516,14.954767227172852,5.11321496963501,5.009002208709717,,226,small bowl,bfp_manual
BFP346,Vanilla ice cream without egg,Prepared Meal,228.67276000976562,14.205242156982422,2.6880381107330322,18.145544052124023,,157,ice cream cup,bfp_manual
BFP347,Vanilla ice cream with egg,Prepared Meal,214.85037231445312,11.707660675048828,4.164416790008545,17.024320602416992,,181,ice cream cup,bfp_manual
BFP348,Strawberry ice cream,Prepared Meal,215.6056365966797,12.257044792175293,4.15120267868042,16.958763122558594,,182,ice cream cup,bfp_manual
BFP350,Chocochip ice cream,Prepared Meal,241.44589233398438,16.754858016967773,4.225705146789551,17.927900314331055,,199,ice cream cup,bfp_manual
BFP351,Choconut ice cream,Prepared Meal,273.95611572265625,23.12738609313965,5.040565490722656,18.49078369140625,0.5070215463638306,240,sundae glass,bfp_manual
BFP352,Pear chocholate sunday,Prepared Meal,183.4873504638672,15.015302658081055,2.084487199783325,13.111092567443848,0.07367179542779922,244,sundae glass,bfp_manual
BFP353,Chocolate sauce,Prepared Meal,263.20001220703125,43.209999084472656,1.909999966621399,10.390000343322754,,30,tablespoon,bfp_manual
BFP354,Coffee ice cream,Prepared Meal,150.61996459960938,14.08952522277832,3.147430181503296,9.430323600769043,,166,ice cream cup,bfp_manual
BFP355,Coffee pear alaska,Prepared Meal,203.98948669433594,19.36335563659668,2.883115291595459,13.215276718139648,0.15177233517169952,250,dish,bfp_manual
BFP356,Crunchy butterscotch,Prepared Meal,277.3192443847656,19.922080993652344,3.1129019260406494,20.99428939819336,0.469112753868103,187,cup,bfp_manual
BFP358,Peach melba ice cream,Prepared Meal,200.84573364257812,16.306827545166016,2.056551694869995,14.50646686553955,0.06270624697208405,229,sundae glass,bfp_manual
BFP359,Vanilla ice cream with apples in hot cherry sauce,Prepared Meal,196.3192596435547,22.750776290893555,1.7349472045898438,11.454093933105469,0.25801950693130493,251,dish,bfp_manual
BFP361,Grape and orange whip,Prepared Meal,57.3907470703125,6.71652889251709,1.4135537147521973,2.62239670753479,0.9669421315193176,121,orange case,bfp_manual
BFP362,Honey banana cream,Prepared Meal,125.48927307128906,13.636676788330078,2.7751660346984863,6.675106048583984,0.7003021240234375,331,tall stemmed glass,bfp_manual
BFP363,Raspberry bavarian cream,Prepared Meal,150.10455322265625,17.820674896240234,3.3429534435272217,7.875611782073975,2.1940927505493164,237,small mould,bfp_manual
BFP364,Fruit delight,Prepared Meal,107.09166717529297,9.108918190002441,2.0852339267730713,7.0915207862854,0.0929824560880661,342,small mould,bfp_manual
BFP365,Creamy chocolate mousse,Prepared Meal,230.52182006835938,9.526510238647461,6.850801467895508,18.158323287963867,,203,dish,bfp_manual
BFP366,Cold lemon souffle,Prepared Meal,169.8651580810547,15.624741554260254,5.8938140869140625,9.78144359588623,,242,souffle dish,bfp_manual
BFP367,Cold orange souffle,Prepared Meal,173.1899871826172,16.27274513244629,5.939378261566162,9.824922561645508,0.11362694948911667,241,souffle dish,bfp_manual
BFP368,Cold pineapple souffle,Prepared Meal,181.2184295654297,16.848684310913086,6.229824542999268,10.387280464172363,,228,souffle dish,bfp_manual
BFP369,Cold vanilla souffle,Prepared Meal,179.53909301757812,16.288982391357422,6.2159318923950195,10.316780090332031,,236,souffle dish,bfp_manual
BFP370,Cold chocolate souffle,Prepared Meal,187.52767944335938,17.216461181640625,6.367900848388672,10.863374710083008,,243,souffle dish,bfp_manual
BFP371,Stewed fruit (with pear),Prepared Meal,74.32410430908203,18.220497131347656,0.25020748376846313,0.31958505511283875,2.838132619857788,121,bowl,bfp_manual
BFP372,Apricot fool,Prepared Meal,240.79278564453125,33.640625,1.5373802185058594,11.346095085144043,0.9977325201034546,228,tall stemmed glass,bfp_manual
BFP373,Pavlova,Prepared Meal,200.59559631347656,21.843772888183594,1.8448679447174072,12.289334297180176,0.058620210736989975,362,meringue,bfp_manual
BFP379,Apple crumb pudding,Prepared Meal,220.8507080078125,35.16666793823242,1.5396946668624878,8.871500968933105,1.3272264003753662,98,small plate,bfp_manual
BFP380,Steamed cake with chocolate sauce,Prepared Meal,301.908203125,29.063655853271484,4.490588188171387,19.014118194580078,0.2899159789085388,238,small mould,bfp_manual
BFP382,Hot lemon souffle,Prepared Meal,155.25045776367188,16.31086540222168,5.288147926330566,7.93432092666626,0.13629630208015442,121,bowl,bfp_manual
BFP386,Gulab jamun with milk powder,Prepared Meal,471.1536560058594,28.242319107055664,0.8525879979133606,40.151222229003906,0.04571428522467613,302,piece,bfp_manual
BFP388,Chum chum,Prepared Meal,130.05374145507812,28.269840240478516,1.5168564319610596,1.917016863822937,0.015493184328079224,312,piece,bfp_manual
BFP389,Dil bahar,Prepared Meal,130.05374145507812,28.269840240478516,1.5168564319610596,1.917016863822937,0.015493184328079224,312,piece,bfp_manual
BFP390,Rasbhari,Prepared Meal,130.05374145507812,28.269840240478516,1.5168564319610596,1.917016863822937,0.015493184328079224,312,piece,bfp_manual
BFP391,Rajbogh,Prepared Meal,133.69778442382812,28.159015655517578,1.7112064361572266,2.278181552886963,0.11006835103034973,315,piece,bfp_manual
BFP392,Rasgulla,Prepared Meal,118.63716888427734,25.78821563720703,1.3837014436721802,1.748734474182129,0.014133138582110405,342,piece,bfp_manual
BFP393,Rasmalai,Prepared Meal,135.5491180419922,29.171350479125977,1.6134483814239502,2.1076526641845703,0.07152707874774933,317,piece,bfp_manual
BFP396,Khoa coconut burfi,Prepared Meal,411.45404052734375,36.54855728149414,9.978109359741211,26.007959365844727,4.065174102783203,50,piece,bfp_manual
BFP397,Danedar burfi,Prepared Meal,102.67752838134766,12.325998306274414,3.242760181427002,4.72036075592041,0.08864054083824158,140,piece,bfp_manual
BFP401,Semolina burfi (Suji/Rava burfi),Prepared Meal,348.67132568359375,47.0986213684082,3.466792106628418,16.863786697387695,2.8000214099884033,47,piece,bfp_manual
BFP403,Pumpkin coconut burfi (Kaddu aur nariyal ki burfi),Prepared Meal,186.1792755126953,17.024032592773438,1.7519750595092773,12.655717849731445,4.285862922668457,60,piece,bfp_manual
BFP404,Khoa ladoo,Prepared Meal,396.0151062011719,34.432220458984375,12.20555591583252,24.094444274902344,3.081111192703247,45,piece,bfp_manual
BFP406,Wheat and gram flour ladoo (Atta besan ladoo),Prepared Meal,501.7003173828125,50.49619674682617,9.380413055419922,29.855083465576172,6.007768630981445,30,piece,bfp_manual
BFP407,Semolina ladoo with nuts (Suji/Rava ladoo with nuts),Prepared Meal,441.84478759765625,48.024940490722656,5.440637588500977,25.450199127197266,4.274502277374268,31,piece,bfp_manual
BFP412,Sesame chickpeas brittle (Til aur channe ki chikki),Prepared Meal,282.73699951171875,50.494998931884766,8.5,4.660714149475098,5.542142868041992,35,piece,bfp_manual
BFP413,Murmura chikki,Prepared Meal,253.8179931640625,59.59428787231445,2.1242856979370117,0.322857141494751,0.36571428179740906,30,piece,bfp_manual
BFP415,Masala onion pakora/pakoda (Pyaaz ke pakode),Prepared Meal,551.6427001953125,6.481038570404053,2.0452048778533936,57.607757568359375,1.4415217638015747,71,pakora,bfp_manual
BFP416,Masala green chilli pakora/pakoda (Hari mirch kay pakode),Prepared Meal,668.7589721679688,5.5475053787231445,2.2224369049072266,71.01499938964844,1.3414231538772583,69,pakora,bfp_manual
BFP420,Chicken pakora/pakoda,Prepared Meal,590.09326171875,4.552274703979492,6.031492233276367,60.97547149658203,0.9561175107955933,69,pakora,bfp_manual
BFP421,Fish pakora/pakoda,Prepared Meal,577.0250854492188,4.552274703979492,5.973116874694824,59.521915435791016,0.9561175107955933,69,pakora,bfp_manual
BFP424,Paneer cutlet,Prepared Meal,672.1958618164062,7.616063594818115,4.5876359939575195,69.37588500976562,0.3922957479953766,181,cutlet,bfp_manual
BFP425,Sago cutlet/vadas (Sabudana cutlet/vadas),Prepared Meal,558.7550048828125,11.226319313049316,0.5644468069076538,56.97008514404297,0.5356833338737488,211,cutlet,bfp_manual
BFP427,Poshtik cutlet,Prepared Meal,496.44976806640625,7.38846492767334,2.0035715103149414,50.94115447998047,1.3453850746154785,241,cutlet,bfp_manual
BFP428,Egg cutlet (Anda cutlet),Prepared Meal,575.0221557617188,5.770039081573486,2.4484479427337646,60.247806549072266,0.5783106684684753,203,cutlet,bfp_manual
BFP430,Minced meat cutlet,Prepared Meal,531.8563842773438,5.606320858001709,5.09891414642334,54.466915130615234,0.3972434401512146,233,cutlet,bfp_manual
BFP431,Vegetable samosa,Prepared Meal,443.10748291015625,13.2201509475708,2.2069897651672363,42.22310256958008,1.5228114128112793,101,samosa,bfp_manual
BFP436,Plain urad dal vada (Uzunne vada/Minapa garelu/Ulundu vadai/Medu vada),Prepared Meal,745.4993896484375,9.698890686035156,4.385420322418213,76.31505584716797,2.268779754638672,79,vada,bfp_manual
BFP437,Masala urad dal vada,Prepared Meal,703.7791748046875,9.931134223937988,4.321949005126953,71.6166000366211,2.710979700088501,86,vada,bfp_manual
BFP439,Khaman (dhokla),Prepared Meal,54.726593017578125,5.355262756347656,1.9246256351470947,2.7977488040924072,1.4915459156036377,119,dhokla,bfp_manual
BFP440,Instant dhokla,Prepared Meal,207.11245727539062,24.110549926757812,7.664568901062012,9.373123168945312,3.5698535442352295,42,dhokla,bfp_manual
BFP442,Tomato ginger chutney (Tamatar adarak ki chutney),Prepared Meal,44.65675354003906,9.111577987670898,1.0496788024902344,0.3215406835079193,2.136676549911499,30,tablespoon,bfp_manual
BFP443,Mint tomato chutney (Pudinay aur tamatar ki chutney),Prepared Meal,43.65103530883789,8.223479270935059,1.526698112487793,0.364938884973526,2.6325902938842773,30,tablespoon,bfp_manual
BFP444,Coriander chutney (Hare dhaniye ki chutney),Prepared Meal,42.86157989501953,8.162700653076172,1.3760738372802734,0.3715452253818512,2.4700746536254883,30,tablespoon,bfp_manual
BFP445,Gooseberry chutney (Amla chutney),Prepared Meal,43.015647888183594,8.834716796875,1.4355430603027344,0.6197226047515869,4.582579135894775,30,tablespoon,bfp_manual
BFP446,Walnut chutney (Akhrot ki chutney),Prepared Meal,370.4312744140625,8.905654907226562,9.439031600952148,33.46291732788086,3.0449137687683105,30,tablespoon,bfp_manual
BFP447,Saunth/Sonth chutney with ginger,Prepared Meal,84.21507263183594,20.6202449798584,0.2805222272872925,0.10582991689443588,0.3125842213630676,33,tablespoon,bfp_manual
BFP448,Gun powder chutney,Prepared Meal,312.33843994140625,47.64929962158203,21.553020477294922,2.6718943119049072,13.950457572937012,30,tablespoon,bfp_manual
BFP450,Dessicated coconut chutney (Sookhe kase nariyal ki chutney),Prepared Meal,346.3626403808594,36.72418975830078,12.88444709777832,15.879511833190918,13.159820556640625,30,tablespoon,bfp_manual
BFP451,Curd mint dip,Prepared Meal,76.13265991210938,9.110777854919434,4.821882724761963,2.438880443572998,0.7689000964164734,33,tablespoon,bfp_manual
BFP452,Curd vegetable dip,Prepared Meal,56.20660400390625,6.036352157592773,3.881967544555664,1.9432389736175537,0.6253147125244141,30,tablespoon,bfp_manual
BFP453,Mayonnaise vegetable dip,Prepared Meal,241.2689208984375,4.7971696853637695,3.0122547149658203,23.44342803955078,0.4061964750289917,43,tablespoon,bfp_manual
BFP455,Tomato and cucumber sandwich (Tamatar aur kheere ka sandwich),Prepared Meal,150.67800903320312,20.5053653717041,4.029777526855469,6.310571670532227,2.1031746864318848,79,sandwich,bfp_manual
BFP456,Tomato sandwich (grilled),Prepared Meal,189.92440795898438,21.285470962524414,6.255439758300781,9.387621879577637,1.9095765352249146,77,sandwich,bfp_manual
BFP457,French sandwich (toasted),Prepared Meal,186.74937438964844,14.818387031555176,6.819484710693359,11.506316184997559,1.3663158416748047,112,sandwich,bfp_manual
BFP458,Peanut butter cucumber sandwich,Prepared Meal,243.32977294921875,29.759275436401367,9.043438911437988,10.55927562713623,3.350226402282715,55,sandwich,bfp_manual
BFP459,Mint and peanut sandwich,Prepared Meal,273.58807373046875,31.828014373779297,7.177052021026611,13.883594512939453,3.67368745803833,49,sandwich,bfp_manual
BFP460,Spicy chutney sandwich,Prepared Meal,249.58187866210938,34.026676177978516,8.741743087768555,9.581197738647461,3.7319822311401367,58,sandwich,bfp_manual
BFP461,Chicken walnut sandwich (Chicken aur akhrot ke sandwich),Prepared Meal,285.7780456542969,22.615083694458008,12.584315299987793,16.76581573486328,1.5313695669174194,67,sandwich,bfp_manual
BFP463,Rolled sandwich,Prepared Meal,293.0657958984375,34.68704605102539,6.453408718109131,15.285000801086426,2.0652272701263428,30,sandwich,bfp_manual
BFP466,Ribbon sandwich,Prepared Meal,239.2641143798828,24.76007843017578,6.26319694519043,13.371228218078613,2.924288511276245,43,ribbon,bfp_manual
BFP467,Checker board sandwich,Prepared Meal,348.36578369140625,25.940135955810547,7.36708927154541,24.65026092529297,2.2223329544067383,37,square,bfp_manual
BFP468,Submarine sandwich,Prepared Meal,216.9175567626953,13.604089736938477,6.0886945724487305,15.320978164672852,1.2411575317382812,194,hot dog bun,bfp_manual
BFP470,Cheese open sandwich,Prepared Meal,274.0680847167969,28.419090270996094,9.84000015258789,14.242727279663086,1.7445454597473145,55,sandwich,bfp_manual
BFP471,Sunset and sunrise open sandwich,Prepared Meal,241.3109130859375,18.89407730102539,8.580724716186523,15.136857986450195,1.3892446756362915,83,sandwich,bfp_manual
BFP472,Danish luncheon sandwich,Prepared Meal,193.8192596435547,17.767698287963867,9.027264595031738,10.095224380493164,1.5196527242660522,86,sandwich,bfp_manual
BFP473,Chicken and corn open sandwich,Prepared Meal,188.1591033935547,19.211580276489258,8.629572868347168,8.834002494812012,1.6737254858016968,108,sandwich,bfp_manual
BFP476,Chocolate sponge cake,Prepared Meal,239.85745239257812,39.542179107666016,9.134881019592285,5.509288787841797,0.5232227444648743,70,piece,bfp_manual
BFP478,Chocolate swiss roll,Prepared Meal,306.0789489746094,26.972558975219727,6.009129047393799,19.755830764770508,0.29129287600517273,47,swiss roll,bfp_manual
BFP479,Lemon curd filling,Prepared Meal,225.62400817871094,26.405000686645508,3.432499885559082,12.577499389648438,,30,tablespoon,bfp_manual
BFP480,Jam filling,Prepared Meal,184.61538696289062,46.153846740722656,,,,30,tablespoon,bfp_manual
BFP482,Chocolate pastry,Prepared Meal,243.36962890625,32.23630905151367,7.053058624267578,10.122756958007812,0.3169408142566681,87,pastry,bfp_manual
BFP483,Assorted pastry,Prepared Meal,230.73793029785156,31.9851016998291,6.775999546051025,8.909843444824219,0.42946502566337585,80,pastry,bfp_manual
BFP484,Orange gateau,Prepared Meal,178.0481414794922,27.01242446899414,4.779430866241455,6.021613121032715,0.6787784099578857,80,piece,bfp_manual
BFP485,Black forest gateau,Prepared Meal,217.81735229492188,30.56795883178711,5.938715934753418,8.580164909362793,0.28073742985725403,66,piece,bfp_manual
BFP489,Lemon cake,Prepared Meal,373.8514099121094,43.10041046142578,5.285655498504639,20.627254486083984,0.6221311688423157,61,piece,bfp_manual
BFP491,Dundee cake,Prepared Meal,396.615966796875,41.40033721923828,7.781131267547607,22.698017120361328,1.8123098611831665,60,piece,bfp_manual
BFP492,Victorian sandwich cake,Prepared Meal,373.08837890625,44.73898696899414,5.180116653442383,19.834306716918945,0.5918128490447998,64,piece,bfp_manual
BFP495,Chocolate eggless cake,Prepared Meal,312.00604248046875,43.44585037231445,6.663639068603516,13.189111709594727,0.3213973641395569,114,piece,bfp_manual
BFP496,Orange eggless cake,Prepared Meal,355.6209411621094,52.64521026611328,7.1566386222839355,13.820504188537598,0.5566386580467224,99,piece,bfp_manual
BFP498,Chocolate glace icing,Prepared Meal,436.29241943359375,62.43446350097656,3.217336893081665,20.796449661254883,,30,tablespoon,bfp_manual
BFP499,Butter icing,Prepared Meal,500.7160339355469,71.63703918457031,0.1859259307384491,25.371110916137695,,30,tablespoon,bfp_manual
BFP500,Chocolate butter icing,Prepared Meal,469.5876159667969,61.717525482177734,3.2068042755126953,24.765565872192383,,30,tablespoon,bfp_manual
BFP502,Almond biscuit (Badam ke biscuit),Prepared Meal,407.73895263671875,52.14155960083008,6.245248794555664,19.704784393310547,1.5011036396026611,30,biscuit,bfp_manual
BFP505,Orange biscuit,Prepared Meal,354.7797546386719,62.111751556396484,3.6271817684173584,11.012979507446289,0.751995861530304,61,biscuit,bfp_manual
BFP506,Gingerman biscuit,Prepared Meal,357.4268798828125,55.24462890625,6.256139755249023,12.729915618896484,1.9965643882751465,36,gingerman,bfp_manual
BFP507,Coffee drops,Prepared Meal,443.0706787109375,43.056129455566406,7.569732666015625,27.16364288330078,1.875827431678772,30,small,bfp_manual
BFP508,Christmas biscuit,Prepared Meal,406.070068359375,60.97199630737305,5.666867733001709,15.882678985595703,2.1726009845733643,30,biscuit,bfp_manual
BFP509,Christmas wreath biscuit,Prepared Meal,386.04632568359375,58.066932678222656,5.430278778076172,15.008878707885742,2.2805919647216797,30,biscuit,bfp_manual
BFP510,Christmas bell biscuit,Prepared Meal,404.84844970703125,60.78856658935547,5.661853313446045,15.838507652282715,2.325812339782715,30,biscuit,bfp_manual
BFP511,Christmas star biscuit,Prepared Meal,392.0292053222656,74.54273223876953,3.5396366119384766,10.036406517028809,1.4749664068222046,37,biscuit,bfp_manual
BFP512,Christmas tree biscuit,Prepared Meal,385.6335144042969,58.41240692138672,5.4297099113464355,14.99578857421875,2.6522481441497803,30,biscuit,bfp_manual
BFP513,Chocolate cream shells,Prepared Meal,427.1673278808594,59.26133728027344,5.10318660736084,19.337682723999023,0.9004893898963928,30,shell,bfp_manual
BFP516,Jelly biscuit,Prepared Meal,404.61334228515625,55.243629455566406,4.229109764099121,19.33068084716797,2.018848180770874,30,biscuit,bfp_manual
BFP517,Cherry and walnut cookies,Prepared Meal,422.6035461425781,59.35258483886719,5.625301361083984,18.750593185424805,1.2963489294052124,30,cookies,bfp_manual
BFP518,Cheese straws,Prepared Meal,382.0014343261719,30.60818862915039,9.832524299621582,24.284299850463867,1.2876392602920532,30,straw,bfp_manual
BFP519,Butterfly biscuit,Prepared Meal,341.447021484375,25.331756591796875,9.976067543029785,22.11424446105957,1.0226384401321411,30,biscuit,bfp_manual
BFP521,Flan pastry,Prepared Meal,445.79742431640625,47.8392333984375,6.723062038421631,25.042678833007812,1.5846890211105347,52,pastry,bfp_manual
BFP522,Fruit flan,Prepared Meal,261.352294921875,34.71337890625,3.2990219593048096,12.483170509338379,0.711875319480896,465,flan,bfp_manual
BFP523,Orange cream flan,Prepared Meal,280.2833557128906,36.16187286376953,4.7347025871276855,13.58536434173584,0.6344797611236572,404,flan,bfp_manual
BFP527,Fruit puree tart,Prepared Meal,286.5020751953125,30.41661262512207,3.3468210697174072,16.827314376831055,1.3057650327682495,56,tart,bfp_manual
BFP529,Apple banana pie,Prepared Meal,243.98855590820312,32.115875244140625,3.1279330253601074,11.39358901977539,1.888298749923706,389,pie,bfp_manual
BFP531,Lemon chiffon pie,Prepared Meal,259.3120422363281,27.6345157623291,4.878358364105225,14.515484809875488,0.6574627161026001,500,pie,bfp_manual
BFP532,Orange chiffon pie,Prepared Meal,207.5692138671875,23.136829376220703,3.887580633163452,11.158088684082031,0.695776641368866,500,pie,bfp_manual
BFP534,Cream buns,Prepared Meal,215.74057006835938,14.162176132202148,4.451181888580322,15.809080123901367,0.3106941878795624,83,bun,bfp_manual
BFP535,Savoury puffs,Prepared Meal,190.7850799560547,10.800604820251465,9.510930061340332,15.242782592773438,0.3321409225463867,138,puff,bfp_manual
BFP536,Choux swans,Prepared Meal,216.3354949951172,14.923518180847168,4.353611946105957,15.603715896606445,0.34989628195762634,171,swan,bfp_manual
BFP539,Potato aigrettes,Prepared Meal,530.0274658203125,8.005807876586914,2.3512027263641357,54.2388916015625,0.44827377796173096,41,aigrette,bfp_manual
BFP541,Cream horns,Prepared Meal,408.22747802734375,23.117046356201172,3.4228012561798096,33.550270080566406,0.5993485450744629,115,horn,bfp_manual
BFP542,Savoury cheese horns,Prepared Meal,295.1474609375,21.3775634765625,5.6605634689331055,20.705049514770508,0.7295151948928833,74,horn,bfp_manual
BFP544,Paneer patties,Prepared Meal,338.5819091796875,22.794984817504883,7.597538471221924,23.955602645874023,1.1756821870803833,101,patty,bfp_manual
BFP545,Vegetable patties,Prepared Meal,261.9207458496094,20.978593826293945,4.006119728088379,17.739768981933594,2.6246907711029053,116,patty,bfp_manual
BFP546,Pearl millet infant food (Bajra shishu aahaar),Prepared Meal,362.4435119628906,62.09600067138672,11.982500076293945,6.624000072479248,7.838500022888184,50,serving,bfp_manual
BFP547,Sajina,Prepared Meal,345.2593994140625,66.86900329589844,10.810999870300293,3.0329999923706055,7.61899995803833,50,serving,bfp_manual
BFP548,Cereal mix,Prepared Meal,120.80972290039062,21.83839988708496,3.318000078201294,2.0155999660491943,2.032599925994873,125,serving,bfp_manual
BFP549,Pulse mix,Prepared Meal,83.29150390625,15.99524974822998,3.1565001010894775,0.543749988079071,2.249000072479248,133,serving,bfp_manual
BFP550,Shishu ahar,Prepared Meal,93.36520385742188,17.415000915527344,2.611999988555908,1.4347500801086426,1.0204999446868896,133,serving,bfp_manual
BFP552,Cereal pulse mix with amylase rice flour,Prepared Meal,151.57098388671875,27.804704666137695,4.26745080947876,2.7423529624938965,3.4650981426239014,85,serving,bfp_manual
BFP553,Banana groundnut paste/puree,Prepared Meal,213.18800354003906,36.154998779296875,4.2729997634887695,5.451000213623047,1.7009999752044678,100,serving,bfp_manual
BFP554,Rice dal porridge (Chawal dal ki khichdi/khichri),Prepared Meal,383.33209228515625,65.03800201416016,10.79699993133545,8.329000473022461,4.508999824523926,33,serving,bfp_manual
BFP555,Lentils and semolina porridge (Dal suji porridge/daliya),Prepared Meal,117.28924560546875,23.19099998474121,3.261500120162964,1.061500072479248,1.440500020980835,200,serving,bfp_manual
BFP556,Spinach khichri (Palak khichri/khichdi),Prepared Meal,102.17948150634766,17.350250244140625,3.428618907928467,1.9086521863937378,1.5602329969406128,150,serving,bfp_manual
BFP557,Vegetable mix,Prepared Meal,174.20919799804688,36.018001556396484,4.699999809265137,0.940000057220459,1.934999942779541,100,serving,bfp_manual
BFP558,Lentils and wheat porridge (Dal wheat porridge/daliya ),Prepared Meal,52.5369758605957,8.364757537841797,2.7113068103790283,0.9421439170837402,1.2845815420150757,170,serving,bfp_manual
BFP559,Maize porridge,Prepared Meal,89.57054138183594,15.641617774963379,2.139853000640869,1.886617660522461,1.6801470518112183,170,serving,bfp_manual
BFP560,Spinach peanut burfi (Palak aur mungfali ki burfi),Prepared Meal,105.37250518798828,13.590624809265137,3.355208396911621,4.394791603088379,2.0729167461395264,240,serving,bfp_manual
BFP561,Split bengal gram burfi/fudge (Channa dal burfi),Prepared Meal,287.3585205078125,54.632041931152344,4.6471428871154785,7.092857360839844,2.0612244606018066,61,piece,bfp_manual
BFP563,Chickpea flour cookies (Sweet besan rounds/cookies),Prepared Meal,207.0072479248047,39.64200210571289,4.292500019073486,3.4235000610351562,2.559999942779541,30,piece,bfp_manual
BFP564,Pearl millet mathri (Bajra mathri),Prepared Meal,785.0778198242188,7.42214822769165,1.8224812746047974,83.12189483642578,1.3603663444519043,150,piece,bfp_manual
BFP565,Sesame biscuit (Til ke biscuit),Prepared Meal,424.03369140625,53.64928436279297,8.268195152282715,19.33925437927246,6.826934337615967,30,biscuit,bfp_manual
BFP566,Fermented bengal gram vada (Khameerikrit/Ufna hua channa dal ka vada),Prepared Meal,657.5725708007812,8.681553840637207,4.050763130187988,67.18557739257812,2.651595115661621,90,vada,bfp_manual
BFP568,Poshtik namak paras,Prepared Meal,613.3907470703125,19.52298355102539,6.490126132965088,56.576839447021484,4.554360389709473,30,piece,bfp_manual
BFP569,Soya chikki,Prepared Meal,423.6982116699219,62.88771057128906,7.184717655181885,15.513954162597656,3.549501657485962,75,piece,bfp_manual
BFP570,Besan bathua chilla/cheela,Prepared Meal,373.8164367675781,40.647300720214844,11.475519180297852,18.572614669799805,7.789211750030518,30,cheela,bfp_manual
BFP571,Wheat flour and nuts ladoos (Atta nuts ladoos),Prepared Meal,391.90167236328125,44.31482696533203,9.461724281311035,19.192413330078125,7.304137706756592,36,ladoo,bfp_manual
BFP573,Gram flour and semolina dhokla (Besan suji dhokla),Prepared Meal,198.91017150878906,25.917722702026367,8.516304016113281,7.095455646514893,4.586390972137451,99,piece,bfp_manual
BFP574,Atta dal burfi,Prepared Meal,298.79730224609375,40.642581939697266,6.662580490112305,12.472258567810059,4.077419281005859,39,piece,bfp_manual
BFP575,Soya roti,Prepared Meal,283.9637145996094,40.02847671508789,9.183112144470215,9.228145599365234,8.708609580993652,50,roti,bfp_manual
BFP576,Poshtik khichdi/khichri,Prepared Meal,93.3676528930664,15.637770652770996,3.0432839393615723,1.8830758333206177,1.9951341152191162,360,plate,bfp_manual
BFP577,Namkeen daliya,Prepared Meal,295.1106262207031,49.31864929199219,8.28543472290039,7.992717266082764,8.565542221069336,117,plate,bfp_manual
BFP578,Sprouts upma,Prepared Meal,316.2456970214844,44.955387115478516,9.50190544128418,10.43805980682373,7.164230823516846,95,plate,bfp_manual
BFP579,Semolina idli (Suji/Rava idli),Prepared Meal,206.3904266357422,33.67109680175781,9.344619750976562,3.473734140396118,5.845991611480713,30,idli,bfp_manual
BFP580,Poshtik chilla/cheela,Prepared Meal,159.5341339111328,27.46605110168457,4.847729682922363,3.0402166843414307,4.908596515655518,72,cheela,bfp_manual
BFP604,Stuffed bittergourd (dry) (Bharwa karela),Prepared Meal,217.6478729248047,2.489490032196045,1.2869261503219604,22.384201049804688,3.0001885890960693,106,bowl,bfp_manual
BFP605,Cauliflower potato canjee,Prepared Meal,16.789209365844727,2.633897066116333,0.570074737071991,0.3924891948699951,0.6853322982788086,212,glass,bfp_manual
BFP606,Creamed spinach,Prepared Meal,96.91499328613281,4.442425727844238,5.184081554412842,6.390686988830566,1.3275500535964966,386,small bowl,bfp_manual
BFP607,Mango milkshake with ice cream (Aam milkshake ice cream ke saath),Prepared Meal,68.35029602050781,9.180588722229004,1.9305882453918457,2.7982354164123535,0.22999998927116394,340,tall glass,bfp_manual
BFP608,Pineapple milkshake with ice cream (Ananas milkshake ice cream ke saath),Prepared Meal,68.49088287353516,9.326470375061035,1.9282352924346924,2.7523529529571533,0.4158823490142822,340,tall glass,bfp_manual
BFP609,Orange milkshake with ice cream (Narangi milkshake ice cream ke saath),Prepared Meal,67.81605529785156,9.149999618530273,1.9494117498397827,2.748823642730713,0.16058821976184845,340,tall glass,bfp_manual
OSR001,Woodapple juice (Bel ka sharbat),Prepared Meal,34.176883697509766,6.509658336639404,0.62922203540802,0.6988614797592163,1.0298007726669312,351,glass,open_source_recipes
OSR002,Sattu drink,Prepared Meal,23.377426147460938,5.155844211578369,0.5648049712181091,0.13917005062103271,0.3970670700073242,500,glass,open_source_recipes
OSR004,Apple and honey sorbet (Seb aur shehad ka sharbat),Prepared Meal,121.29707336425781,30.74224090576172,0.15337182581424713,0.288591206073761,1.1305080652236938,162,cup,open_source_recipes
OSR005,Thandai,Prepared Meal,101.1769027709961,9.132845878601074,3.5914835929870605,5.887108325958252,0.7960942387580872,253,glass,open_source_recipes
OSR006,Cucumber sharbat (Kheere ka sharbat),Prepared Meal,27.2839412689209,6.635036468505859,0.25912410020828247,0.058394160121679306,0.7810218930244446,411,glass,open_source_recipes
OSR007,Apple oats chia seed smoothie,Prepared Meal,85.6448974609375,13.070342063903809,3.491137742996216,2.4763245582580566,1.4442323446273804,500,glass,open_source_recipes
OSR008,Nannari sharbat,Prepared Meal,88.78984069824219,23.623947143554688,0.010403587482869625,0.009417040273547173,,500,cup,open_source_recipes
OSR009,Semolina milk drink (Thari kanji),Prepared Meal,44.1622200012207,6.925323486328125,0.9835715889930725,1.363272786140442,0.7230014801025391,263,cup,open_source_recipes
OSR010,Saffron milk (Kesariya doodh),Prepared Meal,102.18103790283203,12.643503189086914,3.1688296794891357,4.56899356842041,0.14416153728961945,263,glass,open_source_recipes
OSR011,Black rice kheer (Chak-hao kheer),Prepared Meal,147.936767578125,22.93030548095703,4.366131782531738,4.905136585235596,0.7645264863967896,208,bowl,open_source_recipes
OSR012,Coconut kheer (Nariyal ki kheer),Prepared Meal,162.61248779296875,14.42290210723877,3.397630214691162,10.546659469604492,1.5344955921173096,500,bowl,open_source_recipes
OSR013,Apple sago payasam (Seb aur sabudana ki kheer),Prepared Meal,136.503173828125,14.403240203857422,3.130678176879883,7.660542011260986,0.381131649017334,331,bowl,open_source_recipes
OSR014,Kesari bath,Prepared Meal,244.56851196289062,31.382802963256836,2.3950934410095215,12.585087776184082,1.6523536443710327,177,bowl,open_source_recipes
OSR015,Putharekulu,Prepared Meal,318.3032531738281,59.607479095458984,3.6570093631744385,7.554205894470215,1.7476634979248047,54,roll,open_source_recipes
OSR016,Mango malpua,Prepared Meal,334.6436462402344,12.841540336608887,1.6494756937026978,30.671104431152344,2.0830981731414795,393,piece,open_source_recipes
OSR017,Mango vanilla custard,Prepared Meal,147.63104248046875,18.407085418701172,3.4303321838378906,7.043948173522949,0.993726909160614,203,glass,open_source_recipes
OSR018,Kiwi granola pudding,Prepared Meal,280.9878234863281,32.33153533935547,5.600944519042969,15.359513282775879,3.709637403488159,500,bowl,open_source_recipes
OSR019,Oats burfi,Prepared Meal,425.18707275390625,62.46829605102539,8.886306762695312,17.26929473876953,4.9580912590026855,60,piece,open_source_recipes
OSR020,Lotus seed halwa (Kamal gattay ka halwa),Prepared Meal,370.5499572753906,39.562068939208984,7.790459632873535,20.688159942626953,0.4225287437438965,362,piece,open_source_recipes
OSR021,Amaranth ladoo (Rajgira ladoo),Prepared Meal,454.1483154296875,51.327117919921875,10.11602783203125,22.7022647857666,5.109809398651123,44,ladoo,open_source_recipes
OSR022,Chhena poda,Prepared Meal,344.5653076171875,33.63724899291992,13.684338569641113,17.940107345581055,1.3966330289840698,74,slice,open_source_recipes
OSR023,Sweet couscous dessert,Prepared Meal,196.199951171875,29.692623138427734,3.8134419918060303,7.691786289215088,2.17587947845459,230,bowl,open_source_recipes
OSR024,Sweetened yogurt (Shrikhand),Prepared Meal,107.1770248413086,16.016088485717773,5.2735915184021,2.893601417541504,0.07932624965906143,305,bowl,open_source_recipes
OSR025,Thickened sweetened milk (Rabri),Prepared Meal,102.7945556640625,10.545642852783203,3.5154900550842285,5.349130153656006,0.19454897940158844,220,bowl,open_source_recipes
OSR026,Gram flour halwa (Besan halwa),Prepared Meal,276.78826904296875,25.77559471130371,5.87522554397583,17.297237396240234,1.8171298503875732,149,piece,open_source_recipes
OSR027,Prawn sandwich,Prepared Meal,169.64527893066406,11.891688346862793,10.360613822937012,9.27368450164795,1.5500438213348389,228,sandwich,open_source_recipes
OSR028,Watercress sandwich,Prepared Meal,229.41746520996094,28.032331466674805,5.168360233306885,11.471363067626953,2.2593533992767334,54,triangle,open_source_recipes
OSR029,Fish sandwich,Prepared Meal,150.197021484375,10.088993072509766,4.7249064445495605,10.368215560913086,1.228398084640503,261,sandwich,open_source_recipes
OSR030,Kidney bean sandwich with cottage cheese,Prepared Meal,176.6407928466797,18.859739303588867,9.845356941223145,6.842348098754883,3.65869140625,240,triangle,open_source_recipes
OSR031,Finger millet biscuit (Ragi biscuit),Prepared Meal,458.5638427734375,52.69028854370117,4.028277397155762,25.79488754272461,5.967607021331787,75,biscuit,open_source_recipes
OSR032,Buttermilk biscuit,Prepared Meal,322.54400634765625,34.92733383178711,5.761795520782471,17.50107765197754,1.1813459396362305,128,biscuit,open_source_recipes
OSR033,Lemon cookies,Prepared Meal,394.4773254394531,42.18605041503906,5.62749719619751,23.01546287536621,0.7844515442848206,157,cookie,open_source_recipes
OSR034,Sweet potato biscuit (Shakarkand ke biscuit),Prepared Meal,296.397705078125,38.13307571411133,5.135400295257568,13.30837631225586,2.2693982124328613,151,biscuit,open_source_recipes
OSR035,Raspberry shortbread cookies,Prepared Meal,441.1209716796875,61.24797058105469,2.9960989952087402,21.251039505004883,0.7464867830276489,37,cookie,open_source_recipes
OSR036,Pumpkin cookies,Prepared Meal,218.39529418945312,44.69233703613281,2.5142292976379395,3.930473566055298,1.059875726699829,85,cookie,open_source_recipes
OSR037,Greenpea cookies,Prepared Meal,159.4171600341797,23.073965072631836,6.528696537017822,4.243386268615723,5.316641330718994,76,cookie,open_source_recipes
OSR038,Sunflower cookies,Prepared Meal,520.6232299804688,40.06427764892578,9.48983097076416,36.2818489074707,3.950791120529175,183,cookie,open_source_recipes
OSR039,Cardamom cookies (Elaichi cookies),Prepared Meal,400.4893493652344,53.99033737182617,5.09862756729126,19.119487762451172,2.786825180053711,219,cookie,open_source_recipes
OSR040,Hazelnut cookies,Prepared Meal,493.3157653808594,39.43731689453125,6.248396396636963,34.97259521484375,2.4542274475097656,86,cookie,open_source_recipes
OSR041,Milk cookies,Prepared Meal,459.4341735839844,48.428184509277344,10.493767738342285,24.96055030822754,0.9948435425758362,125,cookie,open_source_recipes
OSR042,Cranberry cookies,Prepared Meal,272.482421875,36.39063262939453,3.9216148853302,12.661157608032227,1.126891016960144,186,cookie,open_source_recipes
OSR043,Olive biscuit,Prepared Meal,438.2898864746094,55.007240295410156,3.2033824920654297,23.7471981048584,0.816913366317749,47,biscuit,open_source_recipes
OSR045,Tutti fruitti biscuit,Prepared Meal,420.78216552734375,53.122352600097656,5.2059245109558105,17.898103713989258,5.434406280517578,109,biscuit,open_source_recipes
OSR046,Peach blueberry preserves,Prepared Meal,177.3811492919922,45.763973236083984,0.5251616835594177,0.20122897624969482,1.14139723777771,386,half-pints,open_source_recipes
OSR047,Pear preserves (Naashpati ka murabba),Prepared Meal,101.2390365600586,25.66578483581543,0.2510855495929718,0.1864270269870758,3.0575222969055176,500,half-pints,open_source_recipes
OSR048,Starfruit preserves,Prepared Meal,128.9264678955078,33.62123107910156,0.24184615910053253,0.11723077297210693,0.7781538367271423,162,jar,open_source_recipes
OSR049,Gooseberry pickle (Amla ka achaar),Prepared Meal,278.5849609375,7.612276554107666,1.5463242530822754,27.60933494567871,3.698528528213501,30,jar,open_source_recipes
OSR050,Lotus stem pickle (Kamal kakdi ka achar),Prepared Meal,102.69074249267578,20.070594787597656,1.442939281463623,1.5996668338775635,8.581247329711914,393,jar,open_source_recipes
OSR051,Date pickle (Khajoor ka achaar),Prepared Meal,182.2870635986328,34.66094970703125,1.6772139072418213,4.205400466918945,5.2036542892456055,138,small bowl,open_source_recipes
OSR052,Garlic pickle (Lahasun ka achar),Prepared Meal,413.6179504394531,9.753618240356445,3.722050189971924,39.88408279418945,5.1255292892456055,51,jar,open_source_recipes
OSR053,Fermented bamboo shoot pickle (Mesu pickle),Prepared Meal,59.83161544799805,1.7324771881103516,1.5793578624725342,5.591376304626465,2.2384402751922607,136,jar,open_source_recipes
OSR054,Sweet peach pickle (Aadoo ka achaar),Prepared Meal,144.63511657714844,37.009674072265625,0.4617391526699066,0.20428571105003357,1.315481424331665,242,jar,open_source_recipes
OSR055,Pickled mustard greens,Prepared Meal,13.12126350402832,1.0509024858474731,1.5091004371643066,0.22253121435642242,1.695076584815979,500,jar,open_source_recipes
OSR056,Small onion pickle,Prepared Meal,16.864784240722656,2.763744354248047,1.6471024751663208,0.6393759250640869,1.0858840942382812,112,bowl,open_source_recipes
OSR057,Green tomato pickle (Haray tamatar ka achaar),Prepared Meal,193.2611083984375,2.866100549697876,1.2349056005477905,19.672609329223633,1.737044095993042,64,jar,open_source_recipes
OSR058,Pickled cabbage,Prepared Meal,13.693668365478516,2.5610013008117676,0.3908402919769287,0.1364942342042923,0.6094923615455627,259,jar,open_source_recipes
OSR059,Coconut pickle (Nariyal ka aachar),Prepared Meal,517.2561645507812,11.533623695373535,3.022852897644043,51.71007537841797,6.3491902351379395,30,jar,open_source_recipes
OSR060,Potato pickle (Aloo ka achaar),Prepared Meal,369.1396789550781,7.865382671356201,2.073549270629883,36.45631790161133,2.2119264602661133,47,bowl,open_source_recipes
OSR061,Mango murabba candy,Prepared Meal,293.3459777832031,77.317138671875,0.2681578993797302,0.05298245698213577,0.9523683786392212,76,candy,open_source_recipes
OSR062,Afghani chicken,Prepared Meal,151.51295471191406,1.9462581872940063,15.663017272949219,9.069842338562012,0.3076152801513672,190,plate,open_source_recipes
OSR063,Fish orly,Prepared Meal,563.699951171875,4.266434192657471,5.872488498687744,58.18387222290039,0.32677438855171204,294,fillet,open_source_recipes
OSR064,Hariyali Fish Tikka,Prepared Meal,150.23699951171875,2.205204486846924,14.00955867767334,9.405717849731445,0.9890422821044922,179,kebab,open_source_recipes
OSR065,Chicken manchurian,Prepared Meal,142.33798217773438,6.062744617462158,9.533809661865234,11.958362579345703,0.4115220010280609,445,plate,open_source_recipes
OSR066,Handi chicken,Prepared Meal,166.0196533203125,1.494889497756958,12.322555541992188,12.46326732635498,0.6710296273231506,232,plate,open_source_recipes
OSR067,Lemon chicken,Prepared Meal,169.78912353515625,0.5507365465164185,20.198272705078125,9.655328750610352,0.15967752039432526,287,plate,open_source_recipes
OSR068,Lemon butter fish,Prepared Meal,160.2456817626953,0.753724992275238,16.383150100708008,10.258563041687012,0.3618749976158142,200,piece,open_source_recipes
OSR069,Baked eggs in tomato sauce,Prepared Meal,80.04957580566406,3.7764370441436768,4.919628143310547,5.224381923675537,0.008331658318638802,497,plate,open_source_recipes
OSR070,Egg in a pepper,Prepared Meal,128.78076171875,0.17254295945167542,12.642990112304688,8.67584228515625,0.1698625385761261,500,egg,open_source_recipes
OSR071,Spinach mushroom scrambled egg (Palak mushroom bhurji),Prepared Meal,158.8451690673828,0.5877930521965027,13.27927017211914,11.5103178024292,0.39452123641967773,116,plate,open_source_recipes
OSR072,Corn omelette/omlet,Prepared Meal,166.92759704589844,1.5704118013381958,11.371248245239258,12.89288330078125,0.021338481456041336,194,omelette,open_source_recipes
OSR073,Cajun chicken,Prepared Meal,184.9423065185547,1.9431791305541992,12.691536903381348,13.98684310913086,0.887738823890686,167,chicken breast,open_source_recipes
OSR074,Paaner do pyaza,Prepared Meal,127.70478057861328,3.4062819480895996,4.215830326080322,10.870146751403809,0.8370941281318665,232,bowl,open_source_recipes
OSR075,Cabbage manchurian (Pattagobhi manchurian),Prepared Meal,224.2626190185547,4.848986625671387,0.6360360383987427,22.484838485717773,0.37194082140922546,500,bowl,open_source_recipes
OSR076,Gobi 65,Prepared Meal,278.29315185546875,3.5923678874969482,0.5613018274307251,29.109731674194336,0.570992648601532,500,plate,open_source_recipes
OSR077,Paneer lababdar,Prepared Meal,105.47611999511719,3.3675763607025146,3.983811855316162,8.464692115783691,1.1574817895889282,382,bowl,open_source_recipes
OSR078,Roasted cauliflower steak,Prepared Meal,78.6754150390625,2.0246100425720215,2.0476601123809814,6.697648525238037,3.532386541366577,107,cauliflower steak,open_source_recipes
OSR079,Sauteed radishes with green beans,Prepared Meal,94.32460021972656,6.036933898925781,2.4131810665130615,6.608610153198242,3.5188987255096436,97,plate,open_source_recipes
OSR080,Garlic chutney/Poondu chutney (Lahasun ki chutney),Prepared Meal,255.508056640625,20.43686294555664,3.336231231689453,17.551773071289062,5.146976470947266,79,small bowl,open_source_recipes
OSR081,Schezwan chutney,Prepared Meal,205.1857452392578,10.791571617126465,3.3259973526000977,17.722034454345703,5.7224040031433105,500,box,open_source_recipes
OSR083,Onion chutney (Pyaaz ki chutney/Vengaya chutney),Prepared Meal,143.93809509277344,13.519841194152832,2.9694440364837646,8.380476951599121,4.601819038391113,52,cup,open_source_recipes
OSR085,Dates chutney (Khajoor ki chutney),Prepared Meal,103.57244110107422,21.691532135009766,1.068406581878662,1.1223781108856201,3.411778450012207,264,small bowl,open_source_recipes
OSR086,Chicken salad,Prepared Meal,338.1940612792969,1.3028947114944458,15.32790470123291,30.256547927856445,1.9957489967346191,247,bowl,open_source_recipes
OSR087,Macaroni salad,Prepared Meal,262.1925964355469,21.628450393676758,5.015699863433838,17.782337188720703,0.555027186870575,161,cup,open_source_recipes
OSR088,Cabbage raita (Pattagobhi raita),Prepared Meal,84.83695983886719,5.247120380401611,3.2444281578063965,5.759586334228516,0.9255675077438354,232,bowl,open_source_recipes
OSR089,Pomegranate raita (Anaar ka raita),Prepared Meal,72.6445083618164,7.151958465576172,4.047695159912109,3.238284111022949,0.5999307036399841,144,bowl,open_source_recipes
OSR090,Onion raita (Pyaaz ka raita),Prepared Meal,71.55741119384766,7.862971305847168,4.8553996086120605,2.4252395629882812,0.6479872465133667,157,bowl,open_source_recipes
OSR091,Green chilli raita (Hari mirch ka raita),Prepared Meal,77.12936401367188,7.6609368324279785,5.578923225402832,2.9244089126586914,0.2587241530418396,103,bowl,open_source_recipes
OSR092,Kale salad,Prepared Meal,177.7139434814453,5.0063252449035645,4.855113506317139,15.32857894897461,1.3593477010726929,54,bowl,open_source_recipes
OSR093,Spinach and paneer souffle,Prepared Meal,186.19473266601562,9.640643119812012,7.561341285705566,13.49350357055664,1.068436861038208,451,souffle dish,open_source_recipes
OSR094,Masala souffle,Prepared Meal,123.5146484375,8.020496368408203,6.383276462554932,7.365000247955322,1.2420134544372559,500,souffle dish,open_source_recipes
OSR095,Chicken and cheese souffle,Prepared Meal,182.354248046875,3.4660613536834717,9.068145751953125,14.738247871398926,0.2564961612224579,196,souffle dish,open_source_recipes
OSR096,Tamarind chutney (Chintapandu pachadi/Puli chutney),Prepared Meal,109.14761352539062,25.06587791442871,0.8776803612709045,0.4835139811038971,1.6482878923416138,30,ml,open_source_recipes
OSR097,Pav bhaji masala,Prepared Meal,230.46640014648438,29.148942947387695,9.129295349121094,10.964405059814453,24.304845809936523,30,gm,open_source_recipes
OSR098,Green chutney,Prepared Meal,79.41742706298828,10.008160591125488,5.423238754272461,1.6046245098114014,5.836636066436768,30,glass jar,open_source_recipes
OSR099,Sago khitchdi/khichri (Sabudana khitchdi/khichri),Prepared Meal,187.1644744873047,22.413801193237305,2.721275806427002,10.101280212402344,1.8236956596374512,271,bowl,open_source_recipes
OSR100,Gram flour chilla/cheela (Besan chilla/cheela),Prepared Meal,135.9300994873047,21.02887725830078,7.802441120147705,2.852105140686035,4.2509002685546875,52,cheela,open_source_recipes
OSR101,Vegetable namkeen jave,Prepared Meal,112.23060607910156,18.97719955444336,2.930877923965454,2.5060160160064697,2.8592631816864014,365,plate,open_source_recipes
OSR102,Khakhra,Prepared Meal,178.4959716796875,27.66258430480957,4.775326251983643,5.3191657066345215,5.433740615844727,76,khakhra,open_source_recipes
OSR103,Moong bean dosa (Pesarattu),Prepared Meal,285.9556884765625,31.906055450439453,12.318492889404297,11.665361404418945,6.040430545806885,30,pesarattu,open_source_recipes
OSR104,Methi thepla,Prepared Meal,346.1560974121094,41.339027404785156,8.980030059814453,15.945419311523438,7.560302734375,36,thepla,open_source_recipes
OSR105,Rice puttu (Ari puttu),Prepared Meal,81.98186492919922,11.821471214294434,1.260176181793213,3.125922441482544,0.7560105323791504,420,puttu,open_source_recipes
OSR106,Buckwheat pancake (Khura),Prepared Meal,263.2983093261719,27.277254104614258,2.9074223041534424,16.432849884033203,0.5591700077056885,104,pancake,open_source_recipes
OSR107,Quinoa khichdi/khichri,Prepared Meal,64.01083374023438,8.831241607666016,3.178802013397217,1.591099739074707,2.576716423034668,318,bowl,open_source_recipes
OSR108,Khakhra chaat,Prepared Meal,358.6632995605469,16.642343521118164,4.5239996910095215,30.647899627685547,3.041581869125366,500,plate,open_source_recipes
OSR110,Banana appam,Prepared Meal,469.8054504394531,20.057649612426758,1.1678863763809204,42.527591705322266,0.6738700270652771,290,appam,open_source_recipes
OSR111,Veg manchurian,Prepared Meal,585.6408081054688,6.818906784057617,0.889366090297699,61.65210723876953,1.1610925197601318,195,plate,open_source_recipes
OSR112,Pav bhaji,Prepared Meal,96.52545928955078,11.993011474609375,2.660388708114624,4.317642688751221,1.9795962572097778,500,serving,open_source_recipes
OSR113,Rice murukku,Prepared Meal,593.989990234375,33.2929573059082,5.414796352386475,48.2248420715332,2.182837963104248,31,piece,open_source_recipes
OSR114,Bhel puri,Prepared Meal,509.886962890625,16.467708587646484,3.5175111293792725,47.91156768798828,2.2402548789978027,500,plate,open_source_recipes
OSR115,Semolina dhokla (Suji/Rava dhokla),Prepared Meal,194.91468811035156,30.864978790283203,5.435585975646973,5.2013959884643555,5.1176629066467285,100,plate,open_source_recipes
OSR116,Spicy corn chaat,Prepared Meal,479.799072265625,11.446920394897461,4.6070170402526855,46.551841735839844,2.1678731441497803,500,plate,open_source_recipes
OSR118,Jackfruit fritters (Ponsa mulik/Kathal ka pakora),Prepared Meal,597.7876586914062,24.002283096313477,2.3409385681152344,54.40557861328125,1.5007253885269165,30,mulik/fritter,open_source_recipes
OSR119,Banana chips (Kele ke chips),Prepared Meal,665.6660766601562,7.322083950042725,0.36683785915374756,70.45634460449219,0.6485693454742432,170,bowl,open_source_recipes
OSR120,Wheat cake,Prepared Meal,314.6291809082031,41.13339614868164,4.789560317993164,14.950458526611328,2.762955904006958,67,piece,open_source_recipes
OSR121,Mango cheesecake,Prepared Meal,152.45855712890625,20.06123161315918,2.3884427547454834,7.303961277008057,1.1448510885238647,174,slice,open_source_recipes
OSR122,Carrot cake (Gajar ka cake),Prepared Meal,255.58706665039062,35.9842414855957,5.599839687347412,10.270025253295898,2.9345622062683105,100,slice,open_source_recipes
OSR123,Semolina cake (Suji/Rava cake),Prepared Meal,374.14044189453125,31.32412338256836,6.58126163482666,25.17984962463379,5.371186256408691,59,square,open_source_recipes
OSR124,Finger millet cake (Ragi cake),Prepared Meal,279.4615173339844,38.93222427368164,3.9558770656585693,12.266904830932617,2.353050708770752,99,slice,open_source_recipes
OSR125,Honey cake,Prepared Meal,333.59320068359375,49.04077911376953,3.0776593685150146,14.702841758728027,0.5058419108390808,164,slice,open_source_recipes
OSR126,Almond cardamom cake (Badam elaichi cake),Prepared Meal,356.34796142578125,34.53158187866211,7.177490234375,21.355758666992188,2.348621129989624,68,slice,open_source_recipes
OSR127,Tutti frutti cake,Prepared Meal,347.7215881347656,52.93681335449219,4.490680694580078,12.682251930236816,0.8459770083427429,500,cake,open_source_recipes
OSR128,Ham and Bean soup,Prepared Meal,96.0418930053711,4.176568984985352,10.607390403747559,4.150700569152832,0.5431236028671265,151,bowl,open_source_recipes
OSR129,Whey soup,Prepared Meal,68.91048431396484,6.2591962814331055,3.4547104835510254,3.3377671241760254,0.8394663333892822,223,bowl,open_source_recipes
OSR130,Bottle gourd soup (Ghiya/Lauki soup),Prepared Meal,23.048173904418945,1.1608973741531372,0.45370611548423767,1.7946178913116455,0.9585292339324951,295,bowl,open_source_recipes
OSR131,Baked potato soup,Prepared Meal,147.0542449951172,5.851165294647217,5.732051372528076,11.208162307739258,0.29876479506492615,500,bowl,open_source_recipes
OSR132,Pumpkin soup,Prepared Meal,40.04545211791992,2.0762312412261963,0.4700942039489746,3.201167106628418,1.1907851696014404,318,bowl,open_source_recipes
OSR133,Sweet corn soup,Prepared Meal,32.245758056640625,3.5647780895233154,0.9903046488761902,1.632310152053833,0.3113521337509155,392,bowl,open_source_recipes
OSR134,Paneer soup,Prepared Meal,47.85079574584961,2.424072742462158,3.2219648361206055,2.8007285594940186,0.28027835488319397,500,bowl,open_source_recipes
OSR135,Curried Cauliflower soup,Prepared Meal,37.3232421875,3.1168854236602783,6.715078353881836,9.773260116577148,2.3384039402008057,348,cup,open_source_recipes
OSR136,Millet soup,Prepared Meal,55.993324279785156,8.220386505126953,11.262971878051758,12.56999397277832,2.8229727745056152,232,bowl,open_source_recipes
OSR137,Lemon coriander soup,Prepared Meal,108.06228637695312,10.31631851196289,2.2682912349700928,6.258704662322998,6.769292831420898,49,bowl,open_source_recipes
OSR138,Garlic soup,Prepared Meal,194.85838317871094,6.985138893127441,2.3835415840148926,17.61923599243164,1.6631944179534912,144,bowl,open_source_recipes
OSR139,Dal makhani,Prepared Meal,74.04019927978516,7.9594902992248535,3.3151679039001465,3.063302993774414,2.271136522293091,353,bowl,open_source_recipes
OSR141,Dalma,Prepared Meal,118.9263687133789,15.042756080627441,4.908376216888428,4.58409309387207,2.159248113632202,264,bowl,open_source_recipes
OSR142,Split bengal gram dal (Channa dal),Prepared Meal,99.6711654663086,9.994173049926758,4.151535987854004,4.622377872467041,3.7171425819396973,292,bowl,open_source_recipes
OSR143,Horsegram dal (Kulthi dal),Prepared Meal,55.64741134643555,8.206653594970703,2.9093685150146484,1.134617567062378,1.5217235088348389,361,bowl,open_source_recipes
OSR144,Panchmel dal,Prepared Meal,111.22245025634766,10.708924293518066,4.625019073486328,5.355630397796631,3.1967275142669678,301,bowl,open_source_recipes
OSR145,Dal dhokli,Prepared Meal,68.73714447021484,8.545230865478516,2.957137107849121,2.4705216884613037,1.8612905740737915,337,bowl,open_source_recipes
OSR146,Gujarati handvo,Prepared Meal,207.08944702148438,31.855331420898438,8.239668846130371,4.8008952140808105,4.954425811767578,500,cake,open_source_recipes
OSR147,Sev (Omapodi/Karapusa),Prepared Meal,609.1427612304688,12.869951248168945,5.116390705108643,60.076416015625,2.3469502925872803,137,plate,open_source_recipes
OSR148,Papdi,Prepared Meal,708.9610595703125,12.893328666687012,1.8294638395309448,72.11148071289062,0.5640878081321716,174,plate,open_source_recipes
OSR151,Jowar dosa,Prepared Meal,294.3470153808594,40.53221130371094,8.503503799438477,10.27633285522461,5.561932563781738,33,dosa,open_source_recipes
OSR152,Bread roll,Prepared Meal,435.45611572265625,16.117511749267578,2.8546462059020996,40.24937438964844,1.446118712425232,121,bread roll,open_source_recipes
OSR153,Soya seekh kebab,Prepared Meal,115.0494155883789,10.00042724609375,5.395382404327393,5.878253936767578,2.2374064922332764,57,kabab,open_source_recipes
OSR154,Classic seasoned black beans,Prepared Meal,28.77848243713379,7.656426429748535,8.007211685180664,8.283315658569336,3.5063984394073486,176,bowl,open_source_recipes
OSR155,Maa chaane ki dal,Prepared Meal,344.66571044921875,43.10886001586914,19.800254821777344,9.504158020019531,13.450533866882324,81,bowl,open_source_recipes
OSR156,Garlic chickpea soup (Lahasun aur chane ka shoraba),Prepared Meal,89.53046417236328,13.917947769165039,4.4476823806762695,2.014414072036743,2.8396425247192383,318,soup bowl,open_source_recipes
ASC071,White sauce (thin),Prepared Meal,115.16873931884766,6.578080654144287,3.312936544418335,8.407753944396973,0.07416506856679916,150,serving,asc_manual
ASC072,White sauce (medium),Prepared Meal,151.2744140625,7.977153301239014,3.358149528503418,11.762419700622559,0.13750889897346497,150,serving,asc_manual
ASC073,White sauce (thick),Prepared Meal,209.69386291503906,10.240869522094727,3.4313042163848877,17.190311431884766,0.24000000953674316,150,serving,asc_manual
ASC074,Cheese sauce,Prepared Meal,194.7616424560547,7.081819534301758,7.683526515960693,15.124773025512695,0.11798131465911865,150,serving,asc_manual
ASC075,Egg sauce,Prepared Meal,146.85301208496094,5.879554271697998,5.967252254486084,11.078859329223633,0.12417049705982208,150,serving,asc_manual
ASC076,Mushroom sauce,Prepared Meal,137.56356811523438,7.312911510467529,3.3937973976135254,10.506138801574707,0.46674051880836487,150,serving,asc_manual
ASC077,Mustard sauce,Prepared Meal,158.58372497558594,8.286389350891113,3.9789583683013916,12.174097061157227,0.1341666728258133,150,serving,asc_manual
ASC078,Brown sauce,Prepared Meal,109.17575073242188,5.378172397613525,11.92262077331543,23.673311233520508,1.6895172595977783,150,serving,asc_manual
ASC130,Classic italian pasta,Prepared Meal,42.119998931884766,4.4022040367126465,0.5723424553871155,2.453221082687378,1.3620562553405762,150,serving,asc_manual
ASC131,Pasta spinach sauce,Prepared Meal,85.46442413330078,1.7601345777511597,1.7649435997009277,7.8962721824646,0.8597145080566406,150,serving,asc_manual
ASC132,Pasta cheese sauce,Prepared Meal,149.26318359375,9.002586364746094,4.331730365753174,10.84160327911377,0.1378142088651657,150,serving,asc_manual
ASC266,Mayonnaise,Prepared Meal,774.8582153320312,1.6493878364562988,1.8649659156799316,84.52489471435547,0.11278911679983139,150,serving,asc_manual
ASC267,Low calorie quick mayonnaise,Prepared Meal,242.89141845703125,4.711345195770264,1.4058868885040283,24.350173950195312,0.0646393746137619,150,serving,asc_manual
ASC268,Thousand island dressing,Prepared Meal,407.8734130859375,4.494444370269775,1.3655555248260498,42.86518478393555,0.45629629492759705,150,serving,asc_manual
ASC388,Curd dip,Prepared Meal,79.95415496826172,7.948309898376465,5.043828964233398,3.3587372303009033,0.10338085889816284,150,serving,asc_manual
ASC394,Short crust pastry,Prepared Meal,422.09527587890625,44.71599197387695,6.105966567993164,23.977088928222656,1.5809069871902466,150,serving,asc_manual
ASC406,Choux pastry,Prepared Meal,222.37022399902344,16.195444107055664,5.551392555236816,14.95645523071289,0.5589873194694519,150,serving,asc_manual
ASC410,Flaky pastry,Prepared Meal,443.9402770996094,33.6063346862793,4.6877827644348145,31.986425399780273,1.2488688230514526,150,serving,asc_manual
ASC428,Sponge cake,Prepared Meal,253.77114868164062,44.63233947753906,9.184377670288086,4.741591930389404,0.6865671873092651,150,serving,asc_manual
ASC434,Glace icing,Prepared Meal,323.5146179199219,86.31465911865234,0.005616438575088978,0.01027397345751524,,150,serving,asc_manual
ASC436,Royal icing,Prepared Meal,332.58343505859375,86.52952575683594,1.7395058870315552,0.018705882132053375,,150,serving,asc_manual
ASC437,American frosting,Prepared Meal,257.5739440917969,67.47669219970703,1.05374014377594,0.00850107055157423,,150,serving,asc_manual
ASC438,Gum icing,Prepared Meal,223.07041931152344,53.1887321472168,5.943661689758301,,,150,serving,asc_manual
ASC475,Channa murmura premix,Prepared Meal,339.09222412109375,72.58899688720703,10.586999893188477,3.2760000228881836,8.211999893188477,150,serving,asc_manual
ASC476,Cracked wheat and green gram dal premix (Dalia moong dal premix),Prepared Meal,362.1578063964844,64.74500274658203,15.890999794006348,5.1080002784729,11.661999702453613,150,serving,asc_manual
ASC477,Rice flakes and roasted channa,Prepared Meal,333.40399169921875,71.93799591064453,10.565999984741211,2.940000057220459,8.842000007629395,150,serving,asc_manual
ASC479,Spinach soup in milk,Prepared Meal,56.72266387939453,3.9766666889190674,2.886666774749756,3.200000047683716,0.7933333516120911,150,serving,asc_manual
ASC480,Vegetable soup,Prepared Meal,55.20608139038086,7.601568698883057,2.217254877090454,1.5501961708068848,3.013725519180298,150,serving,asc_manual
ASC481,Mashed banana with milk,Prepared Meal,95.43451690673828,14.622580528259277,2.5064516067504883,2.9935483932495117,0.7129032611846924,150,serving,asc_manual
ASC484,Poha with curd (Poha aur dahi),Prepared Meal,173.32456970214844,26.723424911499023,6.011369705200195,4.653630256652832,1.0943834781646729,150,serving,asc_manual
ASC485,Potato with curd,Prepared Meal,73.1800765991211,12.005975723266602,3.191235065460205,1.3326693773269653,1.0219123363494873,150,serving,asc_manual
ASC486,Sweet wheat porridge (Sweet dalia),Prepared Meal,140.66305541992188,23.767778396606445,5.114999771118164,2.793888807296753,2.365000009536743,150,serving,asc_manual
ASC487,Vegetable khichdi/khichri,Prepared Meal,143.16549682617188,19.57269287109375,5.610701084136963,4.525830268859863,2.4538745880126953,150,serving,asc_manual
ASC489,Moong dal mixture,Prepared Meal,158.83575439453125,33.92567443847656,4.6208109855651855,1.002972960472107,1.8972972631454468,150,serving,asc_manual
ASC490,Cracked wheat khichri/khichdi (Dalia khichri/khichdi),Prepared Meal,167.45303344726562,22.34886932373047,7.55656099319458,5.5158371925354,3.7447962760925293,150,serving,asc_manual
ASC492,Stewed apple,Prepared Meal,91.93085479736328,22.49142837524414,0.16571427881717682,0.36571428179740906,1.4799998998641968,150,serving,asc_manual
ASC493,Lemon squash (Nimbu ka squash),Prepared Meal,184.55859375,48.87726974487305,0.15379883348941803,0.06151953339576721,,150,serving,asc_manual
ASC494,Orange squash (Santre ka squash),Prepared Meal,193.25868225097656,50.88280487060547,0.21531836688518524,0.03998769447207451,0.3968009650707245,150,serving,asc_manual
ASC495,Lichi squash,Prepared Meal,198.33128356933594,51.956321716308594,0.30452167987823486,0.07997538894414902,0.4121808409690857,150,serving,asc_manual
ASC496,Mango squash (Aam ka squash),Prepared Meal,194.65548706054688,50.9627799987793,0.16610273718833923,0.16917870938777924,0.5782836079597473,150,serving,asc_manual
ASC497,Pineapple squash (Ananas ka squash),Prepared Meal,195.0230712890625,51.344200134277344,0.15995077788829803,0.04921562597155571,1.0642879009246826,150,serving,asc_manual
ASC498,Lemon and ginger squash (Nimbu aur adrak ka squash),Prepared Meal,170.3428955078125,44.06078338623047,0.5438368916511536,0.20993702113628387,1.0716785192489624,150,serving,asc_manual
ASC499,Apple jam (Seb ka murabba),Prepared Meal,188.7895050048828,48.55500030517578,0.14499999582767487,0.3199999928474426,1.2949999570846558,150,serving,asc_manual
ASC500,Plum jam (Aloo bukhara jam),Prepared Meal,178.8855743408203,46.20192337036133,0.3076923191547394,0.19230769574642181,0.995192289352417,150,serving,asc_manual
ASC501,Pineapple jam,Prepared Meal,149.1791534423828,38.26698303222656,0.3216981291770935,0.15094339847564697,2.2028303146362305,150,serving,asc_manual
ASC502,Guava jelly (Amrood ki jelly),Prepared Meal,115.7423095703125,28.176923751831055,1.1076922416687012,0.2461538463830948,6.607692241668701,150,serving,asc_manual
ASC503,Orange marmalade (Santray ka murabba),Prepared Meal,104.16790771484375,25.942712783813477,0.6608833074569702,0.1293690800666809,1.9669716358184814,150,serving,asc_manual
ASC504,Carrot murabba (Gajar ka murabba),Prepared Meal,175.24032592773438,45.599998474121094,0.3166666626930237,0.15666666626930237,1.3933333158493042,150,serving,asc_manual
ASC505,Gooseberry marmalade (Amla murabba),Prepared Meal,123.1607666015625,32.34332275390625,0.13623978197574615,0.0272479560226202,,150,serving,asc_manual
ASC506,Ginger candy (Adrak ki candy),Prepared Meal,195.70938110351562,50.381248474121094,0.6937500238418579,0.265625,1.6749999523162842,150,serving,asc_manual
ASC507,Mango pickle (Aam ka achaar),Prepared Meal,192.11915588378906,8.114914894104004,1.5958982706069946,17.888084411621094,3.676610231399536,150,serving,asc_manual
ASC509,Mixed vegetable pickle (Sabziyoon ka achaar),Prepared Meal,211.2047119140625,7.483425140380859,1.8994140625,19.682106018066406,2.7636446952819824,150,serving,asc_manual
ASC511,Sweet lemon pickle (Neembu ka meetha achaar),Prepared Meal,69.54161071777344,16.8696346282959,1.220234990119934,0.20840078592300415,2.1344974040985107,150,serving,asc_manual
ASC512,Plum chutney (Aloo bukhara ki chutney),Prepared Meal,177.1083221435547,44.95407485961914,0.46561577916145325,0.28589901328086853,1.368325114250183,150,serving,asc_manual
ASC513,Raw mango chutney (Kachhe aam/Kairi ki chutney),Prepared Meal,193.1336212158203,49.940528869628906,0.5147537589073181,0.15571090579032898,2.1696717739105225,150,serving,asc_manual
ASC514,Tomato sauce,Prepared Meal,34.327598571777344,7.233640193939209,0.8106241226196289,0.27367115020751953,1.7875062227249146,150,serving,asc_manual
ASC515,Tomato puree,Prepared Meal,20.624134063720703,3.6844708919525146,0.7517309784889221,0.24727992713451385,1.5628091096878052,150,serving,asc_manual
BFP001,Garam masala,Prepared Meal,254.2149200439453,26.19553565979004,9.887499809265137,10.972321510314941,35.56428527832031,150,serving,bfp_manual
BFP002,Chat masala,Prepared Meal,222.5819091796875,23.86600112915039,8.190000534057617,9.913000106811523,18.621000289916992,150,serving,bfp_manual
BFP003,Kashmiri masala,Prepared Meal,389.0205993652344,23.160572052001953,8.25822925567627,31.0297908782959,12.120207786560059,150,serving,bfp_manual
BFP004,Rasam powder (Rasam masala),Prepared Meal,267.96087646484375,25.18659782409668,12.037423133850098,11.802268028259277,35.709381103515625,150,serving,bfp_manual
BFP005,Sambar powder (Sambar masala),Prepared Meal,297.4648742675781,23.37696075439453,12.496862411499023,15.577156066894531,34.55549240112305,150,serving,bfp_manual
BFP095,Tartare sauce,Prepared Meal,610.9349975585938,2.9600000381469727,1.435882329940796,66.11764526367188,0.4158823490142822,150,serving,bfp_manual
BFP096,Barbeque sauce,Prepared Meal,121.93416595458984,20.462318420410156,0.957167387008667,4.513476371765137,0.6895279288291931,150,serving,bfp_manual
BFP097,Bread sauce,Prepared Meal,111.0420150756836,8.692389488220215,3.460142135620117,7.050684452056885,0.5615115165710449,150,serving,bfp_manual
BFP163,Green chilli sauce,Prepared Meal,46.05666732788086,7.364814758300781,1.2481482028961182,0.2666666507720947,1.7666666507720947,150,serving,bfp_manual
BFP164,Home made plain noodles,Prepared Meal,238.7798614501953,44.50380325317383,6.207882404327393,3.5636091232299805,1.6538373231887817,150,serving,bfp_manual
BFP166,Dal moong,Prepared Meal,43.686439514160156,4.920639514923096,2.2027125358581543,1.6174625158309937,1.0771321058273315,150,serving,bfp_manual
BFP167,Cumin seeds baghar (Jeera baghar/tadka),Prepared Meal,736.8055419921875,5.218461513519287,3.336153984069824,78.76769256591797,6.007692337036133,150,serving,bfp_manual
BFP168,Onion tomato baghar (Pyaaz tamatar ka tadka),Prepared Meal,137.5240936279297,6.172307014465332,1.259573221206665,11.977766036987305,2.1191818714141846,150,serving,bfp_manual
BFP169,Mustard seeds baghar (Mustard seed tadka),Prepared Meal,552.5924072265625,10.445137977600098,4.730339527130127,54.29782485961914,9.742091178894043,150,serving,bfp_manual
BFP360,Hot cherry sauce,Prepared Meal,252.74057006835938,67.94575500488281,0.13233959674835205,0.07128969579935074,,150,serving,bfp_manual
BFP583,Apple jelly (Seb ki jelly),Prepared Meal,152.12632751464844,39.369998931884766,0.09666667133569717,0.2133333384990692,0.8633333444595337,150,serving,bfp_manual
BFP585,Marmalade (Murabba),Prepared Meal,143.76133728027344,37.63999938964844,0.23333333432674408,0.04333333298563957,0.429999977350235,150,serving,bfp_manual
BFP589,Plum squash (Aloo bukhara squash),Prepared Meal,211.16770935058594,55.51112365722656,0.15996001660823822,0.09997500479221344,0.5173707008361816,150,serving,bfp_manual
BFP595,Lemon green chilli pickle (Nimboo aur hari mirch ka achaar),Prepared Meal,14.074198722839355,2.1417949199676514,0.8513461351394653,0.24358974397182465,1.0695513486862183,150,serving,bfp_manual
BFP597,Brinjal pickle (Baingan ka achaar),Prepared Meal,139.00650024414062,4.229420185089111,2.2393479347229004,12.977826118469238,4.616231918334961,150,serving,bfp_manual
BFP598,Sweet and sour tomato pickle (Khatta meetha tamatar ka achaar),Prepared Meal,60.87690734863281,6.554004192352295,1.257986068725586,3.238919734954834,2.195364475250244,150,serving,bfp_manual
BFP599,Jhatpat achar with carrot (Jhatpat achaar gajar ke saath),Prepared Meal,91.21414947509766,6.324066162109375,1.9809129238128662,6.548755168914795,5.075103759765625,150,serving,bfp_manual
BFP601,Tomato chutney (Tamatar ki chutney),Prepared Meal,176.06993103027344,31.845258712768555,0.9701142907142639,6.009744167327881,1.4896570444107056,150,serving,bfp_manual
BFP602,Tomato ketchup,Prepared Meal,33.068580627441406,6.4782514572143555,0.9050446152687073,0.3000456988811493,1.8968619108200073,150,serving,bfp_manual
OSR082,Bengal 5 Spice Blend (Panch Phoran),Prepared Meal,289.794189453125,19.99799919128418,18.260000228881836,22.1560001373291,18.399999618530273,150,serving,open_source_recipes
